"DNSHostName","Name"
"mas-addc-003.corp.walsworth.com","MAS-ADDC-003"
"ful-addc-001.corp.walsworth.com","FUL-ADDC-001"
"sjm-addc-001.corp.walsworth.com","SJM-ADDC-001"
"kc1-addc-001.corp.walsworth.com","KC1-ADDC-001"
"rwi-addc-001.corp.walsworth.com","RWI-ADDC-001"
"brk-addc-001.corp.walsworth.com","BRK-ADDC-001"
"mas-addc-001.corp.walsworth.com","MAS-ADDC-001"
"mas-azmfa-001.corp.walsworth.com","MAS-AZMFA-001"
"ful-radius-001.corp.walsworth.com","FUL-RADIUS-001"
"sjm-radius-001.corp.walsworth.com","SJM-RADIUS-001"
"kc1-radius-001.corp.walsworth.com","KC1-RADIUS-001"
"brk-radius-001.corp.walsworth.com","BRK-RADIUS-001"
"wpc-prismLIC-1.corp.walsworth.com","WPC-PRISMLIC-1"
"WPCTS1.corp.walsworth.com","WPCTS1"
"wpc-efirdslic-1.corp.walsworth.com","WPC-EFIRDSLIC-1"
"2015-3097.corp.walsworth.com","2015-3097"
"mas-mngeng-2.corp.walsworth.com","MAS-MNGENG-2"
"kc1-sitesrv-2.corp.walsworth.com","KC1-SITESRV-2"
"wpc-mngeng-wan.corp.walsworth.com","WPC-MNGENG-WAN"
"sjm-printsrv-2.corp.walsworth.com","SJM-PRINTSRV-2"
"kc1-printsrv-2.corp.walsworth.com","KC1-PRINTSRV-2"
"brk-printsrv-2.corp.walsworth.com","BRK-PRINTSRV-2"
"rwi-sitesrv-1.corp.walsworth.com","RWI-SITESRV-1"
"rwi-printsrv-2.corp.walsworth.com","RWI-PRINTSRV-2"
"amznfsxka5nm8ot.corp.walsworth.com","AMZNFSXKA5NM8OT"
"mas-prim-001.corp.walsworth.com","MAS-PRIM-001"
"mas-sec-001.corp.walsworth.com","MAS-SEC-001"
"tst-mqtm-rds-01.corp.walsworth.com","TST-MQTM-RDS-01"
"amznfsxix0bjec5.corp.walsworth.com","amznfsxix0bjec5"
"amznfsxhafekdoo.corp.walsworth.com","amznfsxhafekdoo"
"wpc-efirdslic-2.corp.walsworth.com","WPC-EFIRDSLIC-2"
"KC1-XMPIE-4659.corp.walsworth.com","KC1-XMPIE-4659"
"RWI-PRPRES-7093W.corp.walsworth.com","RWI-PRPRES-7093"
"rwi-prpres-7091.corp.walsworth.com","RWI-PRPRES-7091"
"SJS-MAIL-5574.corp.walsworth.com","SJS-MAIL-5574"
"SJS-MAINT-5811.corp.walsworth.com","SJS-MAINT-5811"
"brk-donng-5621.corp.walsworth.com","brk-donng-5621"
"kc1-mktng-7008.corp.walsworth.com","kc1-mktng-7008"
"SJS-FULFIL-5987.corp.walsworth.com","SJS-FULFIL-5987"
"KC1-DSTCH-4863.corp.walsworth.com","KC1-DSTCH-4863"
"sjm-preprs-6256.corp.walsworth.com","sjm-preprs-6256"
"rwi-prpres-7084.corp.walsworth.com","RWI-PRPRES-7084"
"MAN-ESTMG-6802.corp.walsworth.com","MAN-ESTMG-6802"
"mas-vbprox-1.corp.walsworth.com","MAS-VBPROX-1"
"brk-donng-6441.corp.walsworth.com","brk-donng-6441"
"Ful-Bind-6658.corp.walsworth.com","FUL-BIND-6658"
"brk-dtp21-5639.corp.walsworth.com","brk-dtp21-5639"
"BRK-DTP-6771.corp.walsworth.com","BRK-DTP-6771"
"MAS-COVER-6330.corp.walsworth.com","MAS-COVER-6330"
"MAS-PRNGY-6546.corp.walsworth.com","MAS-PRNGY-6546"
"man-systh-7177.corp.walsworth.com","man-systh-7177"
"man-systh-6846.corp.walsworth.com","man-systh-6846"
"BRK-DTP-6755.corp.walsworth.com","BRK-DTP-6755"
"brk-csr03-7171.corp.walsworth.com","brk-csr03-7171"
"MAS-PMGDP-6029.corp.walsworth.com","MAS-PMGDP-6029"
"RWI-MAINT-7113.corp.walsworth.com","RWI-MAINT-7113"
"masprintsrv.corp.walsworth.com","MASPRINTSRV"
"MAN-SYSTH-4486.corp.walsworth.com","MAN-SYSTH-4486"
"BRK-DTP-6743.corp.walsworth.com","BRK-DTP-6743"
"BRK-DTP-6772.corp.walsworth.com","BRK-DTP-6772"
"BRK-DTP-6781.corp.walsworth.com","BRK-DTP-6781"
"KC1-TRAIN-6523.corp.walsworth.com","KC1-TRAIN-6523"
"MAS-BNDRY-4866.corp.walsworth.com","MAS-BNDRY-4866"
"KC1-WEBEX-5349.corp.walsworth.com","KC1-WEBEX-5349"
"MAS-QBIND-6857.corp.walsworth.com","MAS-QBIND-6857"
"BRK-KITDP-5388.corp.walsworth.com","BRK-KITDP-5388"
"RWI-CIFSHARE-C1.corp.walsworth.com","RWI-CIFSHARE-C1"
"mas-qtms-007.corp.walsworth.com","MAS-QTMS-007"
"amznfsxxj3xu2vd.corp.walsworth.com","AMZNFSXXJ3XU2VD"
"SJS-ESTMTG-5813.corp.walsworth.com","SJS-ESTMTG-5813"
"SJS-SHIPNG-5985.corp.walsworth.com","SJS-SHIPNG-5985"
"SJS-MAIL-5572.corp.walsworth.com","SJS-MAIL-5572"
"wpc-prismdb-01.corp.walsworth.com","WPC-PRISMDB-01"
"M80932.corp.walsworth.com","M80932"
"SLS-COMM-5980.corp.walsworth.com","SLS-COMM-5980"
"tst-proshipper.corp.walsworth.com","TST-PROSHIPPER"
"rwi-list-7363.corp.walsworth.com","RWI-LIST-7363"
"SJS-HR-5082.corp.walsworth.com","SJS-HR-5082"
"SJS-FULFIL-5816.corp.walsworth.com","SJS-FULFIL-5816"
"SJS-SHTFD-5559.corp.walsworth.com","SJS-SHTFD-5559"
"RWI-MAIL-4827.corp.walsworth.com","RWI-MAIL-4827"
"rwi-cifshare-N2.corp.walsworth.com","RWI-CIFSHARE-N2"
"tst-mnarchrds-1.corp.walsworth.com","TST-MNARCHRDS-1"
"MAN-CRCOL-6042.corp.walsworth.com","MAN-CRCOL-6042"
"MAS-HEIDEL-5378.corp.walsworth.com","MAS-HEIDEL-5378"
"MAN-SYSTH-4448.corp.walsworth.com","MAN-SYSTH-4448"
"SJS-SAMPLE-6086.corp.walsworth.com","SJS-SAMPLE-6086"
"MAS-BNDRY-4791.corp.walsworth.com","MAS-BNDRY-4791"
"tst-mnarchjmf-1.corp.walsworth.com","TST-MNARCHJMF-1"
"MAS-SCHED-5880.corp.walsworth.com","MAS-SCHED-5880"
"MAS-QPRES-6861.corp.walsworth.com","MAS-QPRES-6861"
"RWI-CTP-7020.corp.walsworth.com","RWI-CTP-7020"
"RWI-WEB-7018.corp.walsworth.com","RWI-WEB-7018"
"SJS-ESTMTG-6037.corp.walsworth.com","SJS-ESTMTG-6037"
"wpc-mfpl-rds-01.corp.walsworth.com","WPC-MFPL-RDS-01"
"mas-quarksrv-1.corp.walsworth.com","MAS-QUARKSRV-1"
"wpc-mqtm-rds-01.corp.walsworth.com","WPC-MQTM-RDS-01"
"SJS-FINISH-5555.corp.walsworth.com","SJS-FINISH-5555"
"MAS-QBIND-6855.corp.walsworth.com","MAS-QBIND-6855"
"dev-mnarchrds-1.corp.walsworth.com","DEV-MNARCHRDS-1"
"RWI-TRIMM-6938.corp.walsworth.com","RWI-TRIMM-6938"
"Abra2016.corp.walsworth.com","ABRA2016"
"DG8VQ942.corp.walsworth.com","DG8VQ942"
"MAS-QBIND-6860.corp.walsworth.com","MAS-QBIND-6860"
"wpc-plntmgr-001.corp.walsworth.com","WPC-PLNTMGR-001"
"wpc-streamweb-1.corp.walsworth.com","WPC-STREAMWEB-1"
"BRK-YBCSR-5702.corp.walsworth.com","BRK-YBCSR-5702"
"BRK-CSRI04-6216.corp.walsworth.com","BRK-CSRI04-6216"
"RWI-WEB-6020.corp.walsworth.com","RWI-WEB-6020"
"obp-mnarchjmf-1.corp.walsworth.com","OBP-MNARCHJMF-1"
"tst-printstream.corp.walsworth.com","TST-PRINTSTREAM"
"FUL-CSR-6602.corp.walsworth.com","FUL-CSR-6602"
"tst-efifilesrv.corp.walsworth.com","TST-EFIFILESRV"
"tst-mfpl-rds-02.corp.walsworth.com","TST-MFPL-RDS-02"
"tst-plntmgr-002.corp.walsworth.com","TST-PLNTMGR-002"
"dev-plntmgr-001.corp.walsworth.com","DEV-PLNTMGR-001"
"sjm-plntmgr-001.corp.walsworth.com","SJM-PLNTMGR-001"
"MAS-BNDRY-4440.corp.walsworth.com","MAS-BNDRY-4440"
"BRK-YBCSR-6048.corp.walsworth.com","BRK-YBCSR-6048"
"MAS-SHPPG-4898.corp.walsworth.com","MAS-SHPPG-4898"
"Ful-CSRTV-6637.corp.walsworth.com","FUL-CSRTV-6637"
"MAS-QBIND-6859.corp.walsworth.com","MAS-QBIND-6859"
"ipcapp01.corp.walsworth.com","IPCAPP01"
"MAS-DGPRES-5396.corp.walsworth.com","MAS-DGPRES-5396"
"RWI-BNDRY-6935.corp.walsworth.com","RWI-BNDRY-6935"
"KC1-DSTCH-5358.corp.walsworth.com","KC1-DSTCH-5358"
"RWI-PRESS-6827.corp.walsworth.com","RWI-PRESS-6827"
"MAN-ESTMG-6155.corp.walsworth.com","MAN-ESTMG-6155"
"MAS-SHPPG-6026.corp.walsworth.com","MAS-SHPPG-6026"
"BRK-CSRi03-6326.corp.walsworth.com","BRK-CSRI03-6326"
"MAS-PMGDP-6212.corp.walsworth.com","MAS-PMGDP-6212"
"MAS-QPRES-6599.corp.walsworth.com","MAS-QPRES-6599"
"BRK-WPCEX-6807.corp.walsworth.com","BRK-WPCEX-6807"
"BRK-YBCSR-6829.corp.walsworth.com","BRK-YBCSR-6829"
"SJS-SHIPNG-6011.corp.walsworth.com","SJS-SHIPNG-6011"
"SJS-SHTFD-5563.corp.walsworth.com","SJS-SHTFD-5563"
"HFC-FULFIL-5016.corp.walsworth.com","HFC-FULFIL-5016"
"SJS-FULFIL-6150.corp.walsworth.com","SJS-FULFIL-6150"
"RWI-DIGPRE-7024.corp.walsworth.com","RWI-DIGPRE-7024"
"RWI-WEB-6920.corp.walsworth.com","RWI-WEB-6920"
"SJS-CSR-5815.corp.walsworth.com","SJS-CSR-5815"
"RWI-SHPPG-6914.corp.walsworth.com","RWI-SHPPG-6914"
"MAS-STKRM-5877.corp.walsworth.com","MAS-STKRM-5877"
"SJS-SCHED-6830.corp.walsworth.com","SJS-SCHED-6830"
"MAS-STKRM-6035.corp.walsworth.com","MAS-STKRM-6035"
"MAS-WPCEX-6792.corp.walsworth.com","MAS-WPCEX-6792"
"BRK-DTP-6773.corp.walsworth.com","BRK-DTP-6773"
"BRK-PRCTL-6931.corp.walsworth.com","BRK-PRCTL-6931"
"BRK-DTP-6778.corp.walsworth.com","BRK-DTP-6778"
"rwi-prinshare-1.corp.walsworth.com","RWI-PRINSHARE-1"
"BRK-DTP-6754.corp.walsworth.com","BRK-DTP-6754"
"MAS-SYSTH-6461.corp.walsworth.com","MAS-SYSTH-6461"
"MAS-PMGDP-6213.corp.walsworth.com","MAS-PMGDP-6213"
"BRK-MAINT-5790.corp.walsworth.com","BRK-MAINT-5790"
"SJS-HR-5521.corp.walsworth.com","SJS-HR-5521"
"KC1-DSTCH-4869.corp.walsworth.com","KC1-DSTCH-4869"
"BRK-PRCTL-6034.corp.walsworth.com","BRK-PRCTL-6034"
"KC1-MKTNG-6578.corp.walsworth.com","KC1-MKTNG-6578"
"KC1-MKTNG-7140.corp.walsworth.com","KC1-MKTNG-7140"
"BRK-WPCEX-7061.corp.walsworth.com","BRK-WPCEX-7061"
"MAS-BNDRY-5578.corp.walsworth.com","MAS-BNDRY-5578"
"dev-mnarchiquot.corp.walsworth.com","DEV-MNARCHIQUOT"
"Ful-PresRM-6676.corp.walsworth.com","FUL-PRESRM-6676"
"SJS-CSR-6102.corp.walsworth.com","SJS-CSR-6102"
"MAS-COVNS-5894.corp.walsworth.com","MAS-COVNS-5894"
"SJS-WEBSUP-6679.corp.walsworth.com","SJS-WEBSUP-6679"
"KC1-DSTCH-6132.corp.walsworth.com","KC1-DSTCH-6132"
"MAN-WPCEX-5682.corp.walsworth.com","MAN-WPCEX-5682"
"KC1-TRAIN-7137.corp.walsworth.com","KC1-TRAIN-7137"
"RWI-INKJET-7364.corp.walsworth.com","RWI-INKJET-7364"
"tst-mnarchapp-1.corp.walsworth.com","TST-MNARCHAPP-1"
"BRK-YBCSR-5821.corp.walsworth.com","BRK-YBCSR-5821"
"SJS-SHIPNG-6001.corp.walsworth.com","SJS-SHIPNG-6001"
"dev-streamweb-1.corp.walsworth.com","DEV-STREAMWEB-1"
"wpc-veeam.corp.walsworth.com","WPC-VEEAM"
"SJS-MAIL-6883.corp.walsworth.com","SJS-MAIL-6883"
"BRK-KITDP-6008.corp.walsworth.com","BRK-KITDP-6008"
"mas-covfn-6865.corp.walsworth.com","MAS-COVFN-6865"
"FUL-PresRm-6891.corp.walsworth.com","FUL-PRESRM-6891"
"Ful-oLibTV-6663.corp.walsworth.com","FUL-OLIBTV-6663"
"wpc-mpfl-rds-01.corp.walsworth.com","WPC-MPFL-RDS-01"
"BRK-PRNGY-5394.corp.walsworth.com","BRK-PRNGY-5394"
"SJS-CSR-5759.corp.walsworth.com","SJS-CSR-5759"
"RWI-TRAX-7109.corp.walsworth.com","RWI-TRAX-7109"
"RWI-BNDRY-7023.corp.walsworth.com","RWI-BNDRY-7023"
"RWI-BNDRY-6940.corp.walsworth.com","RWI-BNDRY-6940"
"SJS-CSR-5875.corp.walsworth.com","SJS-CSR-5875"
"SJS-QPRES-6573.corp.walsworth.com","SJS-QPRES-6573"
"RWI-MAIL-5988.corp.walsworth.com","RWI-MAIL-5988"
"wpc-mfpl-rds-03.corp.walsworth.com","WPC-MFPL-RDS-03"
"Ful-Acct-6681.corp.walsworth.com","FUL-ACCT-6681"
"FUL-CSR-6608.corp.walsworth.com","FUL-CSR-6608"
"MAS-PMGDP-6627.corp.walsworth.com","MAS-PMGDP-6627"
"Ful-Sales-6680.corp.walsworth.com","FUL-SALES-6680"
"Ful-PresRm-6651.corp.walsworth.com","FUL-PRESRM-6651"
"mas-sqlprod-004.corp.walsworth.com","MAS-SQLPROD-004"
"MAN-WPCEX-6542.corp.walsworth.com","MAN-WPCEX-6542"
"wpc-mnarchiquot.corp.walsworth.com","WPC-MNARCHIQUOT"
"SJS-CUTFLD-5568.corp.walsworth.com","SJS-CUTFLD-5568"
"RWI-PRESS-6937.corp.walsworth.com","RWI-PRESS-6937"
"mas-me-adss.corp.walsworth.com","MAS-ME-ADSS"
"MAS-SYSTH-5798.corp.walsworth.com","MAS-SYSTH-5798"
"SJM-WPCSQL-01.corp.walsworth.com","SJM-WPCSQL-01"
"dev-plntmgr-003.corp.walsworth.com","DEV-PLNTMGR-003"
"Ful-tRMtv-6639.corp.walsworth.com","FUL-TRMTV-6639"
"wpc-mnarchadmin.corp.walsworth.com","WPC-MNARCHADMIN"
"SJS-FINISH-5745.corp.walsworth.com","SJS-FINISH-5745"
"HEIDELBERGCIP3.corp.walsworth.com","HEIDELBERGCIP3"
"kc1-dhcp-001.corp.walsworth.com","KC1-DHCP-001"
"MAN-CRCOL-6076.corp.walsworth.com","MAN-CRCOL-6076"
"MAS-VIEW2-6061.corp.walsworth.com","MAS-VIEW2-6061"
"dev-plntmgr-002.corp.walsworth.com","DEV-PLNTMGR-002"
"rwi-foxpro-1.corp.walsworth.com","RWI-FOXPRO-1"
"MAN-WPCEX-6418.corp.walsworth.com","MAN-WPCEX-6418"
"Ful-Bind-6605.corp.walsworth.com","FUL-BIND-6605"
"MAN-SYSTH-5966.corp.walsworth.com","MAN-SYSTH-5966"
"Ful-MailRM-6669.corp.walsworth.com","FUL-MAILRM-6669"
"wpc-mfpl-rds-04.corp.walsworth.com","WPC-MFPL-RDS-04"
"MAN-CSACT-6253.corp.walsworth.com","MAN-CSACT-6253"
"SLS-COMM-7057.corp.walsworth.com","SLS-COMM-7057"
"HW35265-19.corp.walsworth.com","HW35265-19"
"MAN-SYSTH-5982.corp.walsworth.com","MAN-SYSTH-5982"
"dev-monqtms-001.corp.walsworth.com","DEV-MONQTMS-001"
"tst-efirdsbrk-1.corp.walsworth.com","TST-EFIRDSBRK-1"
"dev-printstream.corp.walsworth.com","DEV-PRINTSTREAM"
"rwi-csr-lisak.corp.walsworth.com","RWI-CSR-LISAK"
"wpc-proshipper.corp.walsworth.com","WPC-PROSHIPPER"
"MAS-CMCSR-6092.corp.walsworth.com","MAS-CMCSR-6092"
"MAN-ACCTG-5998.corp.walsworth.com","MAN-ACCTG-5998"
"mas-qtms-008.corp.walsworth.com","MAS-QTMS-008"
"MAS-QPRES-6854.corp.walsworth.com","MAS-QPRES-6854"
"SJS-MAIL-6885.corp.walsworth.com","SJS-MAIL-6885"
"tst-plntmgr-001.corp.walsworth.com","TST-PLNTMGR-001"
"Ful-PresRM-6672.corp.walsworth.com","FUL-PRESRM-6672"
"PrePressRaid.corp.walsworth.com","PREPRESSRAID"
"FUL-CSR-6604.corp.walsworth.com","FUL-CSR-6604"
"KC1-MKTNG-6079.corp.walsworth.com","KC1-MKTNG-6079"
"RWI-HRRES-5434.corp.walsworth.com","RWI-HRRES-5434"
"RWI-CIFSHARE-01.corp.walsworth.com","RWI-CIFSHARE-01"
"wpc-mnarcsql-c1.corp.walsworth.com","wpc-mnarcsql-c1"
"tst-mfpl-rds-03.corp.walsworth.com","TST-MFPL-RDS-03"
"MAS-VIEW1-6909.corp.walsworth.com","MAS-VIEW1-6909"
"SJM-BCC-01.corp.walsworth.com","SJM-BCC-01"
"RWI-WEB-6916.corp.walsworth.com","RWI-WEB-6916"
"wpc-mfpl-rds-07.corp.walsworth.com","WPC-MFPL-RDS-07"
"sjs-mail-6156.corp.walsworth.com","SJS-MAIL-6156"
"wpc-mfpl-rds-06.corp.walsworth.com","WPC-MFPL-RDS-06"
"RemoteDirector.corp.walsworth.com","REMOTEDIRECTOR"
"FUL-CSR-6601.corp.walsworth.com","FUL-CSR-6601"
"HFC-FULFIL-6068.corp.walsworth.com","HFC-FULFIL-6068"
"MAS-THERM-5507.corp.walsworth.com","MAS-THERM-5507"
"Ful-Bind-6668.corp.walsworth.com","FUL-BIND-6668"
"CREOCONSOLE4.corp.walsworth.com","CREOCONSOLE4"
"BRK-CVPRP-6045.corp.walsworth.com","BRK-CVPRP-6045"
"Ful-Bind-6657.corp.walsworth.com","FUL-BIND-6657"
"MAS-SHPPG-4834.corp.walsworth.com","MAS-SHPPG-4834"
"wpc-efirdsbrk-1.corp.walsworth.com","WPC-EFIRDSBRK-1"
"wpc-monqtms-001.corp.walsworth.com","WPC-MONQTMS-001"
"dev-proshipper.corp.walsworth.com","DEV-PROSHIPPER"
"RWI-GENR-6009.corp.walsworth.com","RWI-GENR-6009"
"wpc-efirdslic-3.corp.walsworth.com","WPC-EFIRDSLIC-3"
"SJS-MAIL-5573.corp.walsworth.com","SJS-MAIL-5573"
"Ful-PresRM-6673.corp.walsworth.com","FUL-PRESRM-6673"
"mas-prox-001.corp.walsworth.com","MAS-PROX-001"
"MAS-DGPRES-4826.corp.walsworth.com","MAS-DGPRES-4826"
"SJS-PREPRS-6808.corp.walsworth.com","SJS-PREPRS-6808"
"mas-qtms-009.corp.walsworth.com","MAS-QTMS-009"
"BRK-CA-6053.corp.walsworth.com","BRK-CA-6053"
"brk-mrw1-5622.corp.walsworth.com","brk-mrw1-5622"
"Ful-PresRM-6674.corp.walsworth.com","FUL-PRESRM-6674"
"BRK-COMPSP-6201.corp.walsworth.com","BRK-COMPSP-6201"
"MAS-IBI-017.corp.walsworth.com","MAS-IBI-017"
"ful-eppm-6621.corp.walsworth.com","ful-eppm-6621"
"dev-ac4dopc-01.corp.walsworth.com","DEV-AC4DOPC-01"
"mas-wac-001.corp.walsworth.com","MAS-WAC-001"
"wpc-mfpl-rds-05.corp.walsworth.com","WPC-MFPL-RDS-05"
"MAN-CRCOL-5716.corp.walsworth.com","MAN-CRCOL-5716"
"MAS-CMCSR-6057.corp.walsworth.com","MAS-CMCSR-6057"
"wpc-printstream.corp.walsworth.com","WPC-PRINTSTREAM"
"MAS-CMCSR-5999.corp.walsworth.com","MAS-CMCSR-5999"
"RWI-WPCEX-6826.corp.walsworth.com","RWI-WPCEX-6826"
"wpc-streamweb-2.corp.walsworth.com","WPC-STREAMWEB-2"
"RWI-BNDRY-6021.corp.walsworth.com","RWI-BNDRY-6021"
"SJS-PREPRS-6810.corp.walsworth.com","SJS-PREPRS-6810"
"tst-streamweb-1.corp.walsworth.com","TST-STREAMWEB-1"
"rwi-cifshare-N1.corp.walsworth.com","RWI-CIFSHARE-N1"
"SJS-MAIL-6506.corp.walsworth.com","SJS-MAIL-6506"
"MAN-ESTMG-5489.corp.walsworth.com","MAN-ESTMG-5489"
"wpc-prismapp-3.corp.walsworth.com","WPC-PRISMAPP-3"
"RWI-CMCSR-7082.corp.walsworth.com","RWI-CMCSR-7082"
"SJS-SCHEDL-4489.corp.walsworth.com","SJS-SCHEDL-4489"
"Ful-Bind-6659.corp.walsworth.com","FUL-BIND-6659"
"MAS-SHPPG-5276.corp.walsworth.com","MAS-SHPPG-5276"
"tst-mfpl-rds-01.corp.walsworth.com","TST-MFPL-RDS-01"
"MAS-QASSR-5525.corp.walsworth.com","MAS-QASSR-5525"
"RWI-WEB-7019.corp.walsworth.com","RWI-WEB-7019"
"MAS-QBIND-6858.corp.walsworth.com","MAS-QBIND-6858"
"sjm-edi-001.corp.walsworth.com","SJM-EDI-001"
"tst-mfpl-rds-05.corp.walsworth.com","TST-MFPL-RDS-05"
"MAS-SHPPG-4836.corp.walsworth.com","MAS-SHPPG-4836"
"SJS-CSR-6012.corp.walsworth.com","SJS-CSR-6012"
"SJS-CSR-6103.corp.walsworth.com","SJS-CSR-6103"
"tst-plntmgr-003.corp.walsworth.com","TST-PLNTMGR-003"
"SJS-CSR-5746.corp.walsworth.com","SJS-CSR-5746"
"SLS-COMM-7048.corp.walsworth.com","SLS-COMM-7048"
"RWI-MAIL-5513.corp.walsworth.com","RWI-MAIL-5513"
"BRK-CVPRP-5693.corp.walsworth.com","BRK-CVPRP-5693"
"RWI-MAIL-7038.corp.walsworth.com","RWI-MAIL-7038"
"BRK-CVPRP-6095.corp.walsworth.com","BRK-CVPRP-6095"
"wpc-mfpl-rds-02.corp.walsworth.com","WPC-MFPL-RDS-02"
"BRK-KITDP-6097.corp.walsworth.com","BRK-KITDP-6097"
"MAS-WPCEX-6462.corp.walsworth.com","MAS-WPCEX-6462"
"BRK-DTP-6774.corp.walsworth.com","BRK-DTP-6774"
"MAN-ACCTG-6059.corp.walsworth.com","MAN-ACCTG-6059"
"BRK-CSRi11-6254.corp.walsworth.com","BRK-CSRI11-6254"
"FUL-PresRM-6892.corp.walsworth.com","FUL-PRESRM-6892"
"Ful-Acct-6631.corp.walsworth.com","FUL-ACCT-6631"
"mas-pmgdp-7035.corp.walsworth.com","MAS-PMGDP-7035"
"MAN-DTTCH-7036.corp.walsworth.com","MAN-DTTCH-7036"
"MAS-CMCSR-6033.corp.walsworth.com","MAS-CMCSR-6033"
"RWI-SYSTH-6835.corp.walsworth.com","RWI-SYSTH-6835"
"rwi-radius-001.corp.walsworth.com","RWI-RADIUS-001"
"MAN-ACCTG-6036.corp.walsworth.com","MAN-ACCTG-6036"
"brk-cs11-6369.corp.walsworth.com","brk-cs11-6369"
"MAN-PAYROL-5520.corp.walsworth.com","MAN-PAYROL-5520"
"MAN-WPCEX-5724.corp.walsworth.com","MAN-WPCEX-5724"
"BRK-CSRIO9-6906.corp.walsworth.com","BRK-CSRIO9-6906"
"Ful-Sales-6691.corp.walsworth.com","FUL-SALES-6691"
"MAS-CMCSR-5701.corp.walsworth.com","MAS-CMCSR-5701"
"Ful-MailRm-6910.corp.walsworth.com","FUL-MAILRM-6910"
"MAN-WPCEX-5353.corp.walsworth.com","MAN-WPCEX-5353"
"mas-cifshare-N1.corp.walsworth.com","MAS-CIFSHARE-N1"
"MAS-FEDXHP-6592.corp.walsworth.com","MAS-FEDXHP-6592"
"dev-streamweb-2.corp.walsworth.com","DEV-STREAMWEB-2"
"RWI-WEB-7013.corp.walsworth.com","RWI-WEB-7013"
"MAS-CMCSR-6899.corp.walsworth.com","MAS-CMCSR-6899"
"old-efifilesrv.corp.walsworth.com","OLD-EFIFILESRV"
"Ful-PresRm-6652.corp.walsworth.com","FUL-PRESRM-6652"
"MAS-BNDRY-6908.corp.walsworth.com","MAS-BNDRY-6908"
"MAN-ESTMG-5747.corp.walsworth.com","MAN-ESTMG-5747"
"mas-dhcp-001.corp.walsworth.com","MAS-DHCP-001"
"Ful-MntTV-6654.corp.walsworth.com","FUL-MNTTV-6654"
"MAS-BNDRY-6017.corp.walsworth.com","MAS-BNDRY-6017"
"SJS-SYSTH-4543.corp.walsworth.com","SJS-SYSTH-4543"
"tst-mnarchiquot.corp.walsworth.com","TST-MNARCHIQUOT"
"Ful-CSR-6612.corp.walsworth.com","FUL-CSR-6612"
"RWI-HRRES-6915.corp.walsworth.com","RWI-HRRES-6915"
"brk-ima28-6410.corp.walsworth.com","brk-ima28-6410"
"BRK-QRT-5753.corp.walsworth.com","BRK-QRT-5753"
"mas-adsync-001.corp.walsworth.com","MAS-ADSYNC-001"
"wpc-mnarchsql-1.corp.walsworth.com","wpc-mnarchsql-1"
"BRK-IMA-5721.corp.walsworth.com","BRK-IMA-5721"
"RWI-KIOSK-4807.corp.walsworth.com","RWI-KIOSK-4807"
"MAN-ESTMG-5490.corp.walsworth.com","MAN-ESTMG-5490"
"Ful-Exec-6696.corp.walsworth.com","FUL-EXEC-6696"
"mas-sec-002.corp.walsworth.com","MAS-SEC-002"
"MAN-ACCTG-6575.corp.walsworth.com","MAN-ACCTG-6575"
"FUL-CSR-6603.corp.walsworth.com","FUL-CSR-6603"
"MAN-ACCTG-6019.corp.walsworth.com","MAN-ACCTG-6019"
"MAS-CMCSR-6027.corp.walsworth.com","MAS-CMCSR-6027"
"mas-plntmgr-001.corp.walsworth.com","MAS-PLNTMGR-001"
"SLS-COMM-5956.corp.walsworth.com","SLS-COMM-5956"
"MAN-WPCEX-6550.corp.walsworth.com","MAN-WPCEX-6550"
"MAS-COVFN-6930.corp.walsworth.com","MAS-COVFN-6930"
"Ful-PresRM-6671.corp.walsworth.com","FUL-PRESRM-6671"
"SJS-PREPRS-6809.corp.walsworth.com","SJS-PREPRS-6809"
"BRK-ENDSH-6878.corp.walsworth.com","BRK-ENDSH-6878"
"MAS-COVFN-5392.corp.walsworth.com","MAS-COVFN-5392"
"Ful-CSR-6666.corp.walsworth.com","FUL-CSR-6666"
"BRK-DKV-5818.corp.walsworth.com","BRK-DKV-5818"
"tst-mnarchsched.corp.walsworth.com","TST-MNARCHSCHED"
"RWI-BNDRY-7017.corp.walsworth.com","RWI-BNDRY-7017"
"wpc-mnarchjmf-1.corp.walsworth.com","WPC-MNARCHJMF-1"
"SJS-PURCH-5808.corp.walsworth.com","SJS-PURCH-5808"
"wpc-streamrds-1.corp.walsworth.com","WPC-STREAMRDS-1"
"FUL-Bind-6894.corp.walsworth.com","FUL-BIND-6894"
"wpc-mnarchsql-3.corp.walsworth.com","WPC-MNARCHSQL-3"
"MAS-QBIND-6784.corp.walsworth.com","MAS-QBIND-6784"
"Ful-Ship-6645.corp.walsworth.com","FUL-SHIP-6645"
"SJS-CSR-6056.corp.walsworth.com","SJS-CSR-6056"
"rwi-maint-dougp.corp.walsworth.com","RWI-MAINT-DOUGP"
"MAS-PMGDP-6198.corp.walsworth.com","MAS-PMGDP-6198"
"RWI-RECDP-7022.corp.walsworth.com","RWI-RECDP-7022"
"tst-mnarchsql-1.corp.walsworth.com","TST-MNARCHSQL-1"
"RWI-SHPPG-6941.corp.walsworth.com","RWI-SHPPG-6941"
"vm-insite.corp.walsworth.com","VM-INSITE"
"dev-mnarchrds-2.corp.walsworth.com","DEV-MNARCHRDS-2"
"MAS-QBIND-6853.corp.walsworth.com","MAS-QBIND-6853"
"HW35264-18.corp.walsworth.com","HW35264-18"
"RWI-SHIP-FEDX.corp.walsworth.com","RWI-SHIP-FEDX"
"MAS-COVFN-5968.corp.walsworth.com","MAS-COVFN-5968"
"MAS-QASSR-5794.corp.walsworth.com","MAS-QASSR-5794"
"SLS-COMM-7060.corp.walsworth.com","SLS-COMM-7060"
"MAS-PURCH-5187.corp.walsworth.com","MAS-PURCH-5187"
"MAN-ESTMG-6094.corp.walsworth.com","MAN-ESTMG-6094"
"man-systh-6793.corp.walsworth.com","MAN-SYSTH-6793"
"SJS-PREPRS-6811.corp.walsworth.com","SJS-PREPRS-6811"
"SJS-HR-5810.corp.walsworth.com","SJS-HR-5810"
"wpc-solarwind-1.corp.walsworth.com","WPC-SOLARWIND-1"
"SJS-CSR-5953.corp.walsworth.com","SJS-CSR-5953"
"rwi-devustore.corp.walsworth.com","RWI-DEVUSTORE"
"Creoconsole6.corp.walsworth.com","CREOCONSOLE6"
"KC1-WPCEX-5319.corp.walsworth.com","KC1-WPCEX-5319"
"BRK-KITDP-1763.corp.walsworth.com","BRK-KITDP-1763"
"SJS-FINISH-5554.corp.walsworth.com","SJS-FINISH-5554"
"KC1-SYSPG-6104.corp.walsworth.com","KC1-SYSPG-6104"
"FUL-Bind-6895.corp.walsworth.com","FUL-BIND-6895"
"RWI-MAINT-6934.corp.walsworth.com","RWI-MAINT-6934"
"FUL-CSR-6606.corp.walsworth.com","FUL-CSR-6606"
"Ful-CSR-6644.corp.walsworth.com","FUL-CSR-6644"
"mas-hubbleweb-2.corp.walsworth.com","MAS-HUBBLEWEB-2"
"HW34719-55.corp.walsworth.com","HW34719-55"
"MAS-PRESS-4540.corp.walsworth.com","MAS-PRESS-4540"
"Ful-KevnTV-6661.corp.walsworth.com","FUL-KEVNTV-6661"
"SJS-CUTFLD-5570.corp.walsworth.com","SJS-CUTFLD-5570"
"KRONOS-001.corp.walsworth.com","KRONOS-001"
"SJS-WEB-5561.corp.walsworth.com","SJS-WEB-5561"
"mas-sec-003.corp.walsworth.com","MAS-SEC-003"
"dev-mnarcheflow.corp.walsworth.com","DEV-MNARCHEFLOW"
"KC1-DSTCH-6463.corp.walsworth.com","KC1-DSTCH-6463"
"SJS-FULFIL-6091.corp.walsworth.com","SJS-FULFIL-6091"
"dev-mnarchapp-1.corp.walsworth.com","DEV-MNARCHAPP-1"
"MAS-QBIND-6864.corp.walsworth.com","MAS-QBIND-6864"
"mas-adcisco-1.corp.walsworth.com","MAS-ADCISCO-1"
"Ful-EPPTV-6641.corp.walsworth.com","FUL-EPPTV-6641"
"CREOCONSOLE3.corp.walsworth.com","CREOCONSOLE3"
"MAN-SYSTH-5357.corp.walsworth.com","MAN-SYSTH-5357"
"MAS-VIEW3-6815.corp.walsworth.com","MAS-VIEW3-6815"
"SJS-WEB-6769.corp.walsworth.com","SJS-WEB-6769"
"wpc-monqtms-002.corp.walsworth.com","WPC-MONQTMS-002"
"rwi-hr-cheryl.corp.walsworth.com","RWI-HR-CHERYL"
"MAS-QBIND-6863.corp.walsworth.com","MAS-QBIND-6863"
"FUL-PresRM-6893.corp.walsworth.com","FUL-PRESRM-6893"
"MAS-SHPPG-4904.corp.walsworth.com","MAS-SHPPG-4904"
"CREOCONSOLE1.corp.walsworth.com","CREOCONSOLE1"
"mas-syslog-001.corp.walsworth.com","MAS-SYSLOG-001"
"SJS-PREPRS-6812.corp.walsworth.com","SJS-PREPRS-6812"
"DESKTOP-6CV3R4M.corp.walsworth.com","DESKTOP-6CV3R4M"
"SJS-PREPRS-6067.corp.walsworth.com","SJS-PREPRS-6067"
"KC1-DSTCH-4871.corp.walsworth.com","KC1-DSTCH-4871"
"RWI-DGPRES-6942.corp.walsworth.com","RWI-DGPRES-6942"
"SJS-CUTFLD-5569.corp.walsworth.com","SJS-CUTFLD-5569"
"HFC-FULFIL-6087.corp.walsworth.com","HFC-FULFIL-6087"
"RWI-WEB-7014.corp.walsworth.com","RWI-WEB-7014"
"wpc-mfpl-rds-08.corp.walsworth.com","WPC-MFPL-RDS-08"
"BRK-CVPRP-5823.corp.walsworth.com","BRK-CVPRP-5823"
"SJS-FINISH-6945.corp.walsworth.com","SJS-FINISH-6945"
"MAS-SCCFRM-4470.corp.walsworth.com","MAS-SCCFRM-4470"
"dev-ac4dapp-01.corp.walsworth.com","DEV-AC4DAPP-01"
"sjm-ac4dapp-01.corp.walsworth.com","SJM-AC4DAPP-01"
"SJS-PURCH-5760.corp.walsworth.com","SJS-PURCH-5760"
"SJS-WEBEX-4442.corp.walsworth.com","SJS-WEBEX-4442"
"RWI-WEB-7029.corp.walsworth.com","RWI-WEB-7029"
"SJS-WEB-5562.corp.walsworth.com","SJS-WEB-5562"
"SJS-CSR-5981.corp.walsworth.com","SJS-CSR-5981"
"FUL-Maint-6901.corp.walsworth.com","FUL-MAINT-6901"
"dev-streamrds-1.corp.walsworth.com","DEV-STREAMRDS-1"
"dev-efirdsbrk-1.corp.walsworth.com","DEV-EFIRDSBRK-1"
"MAS-QPRES-6862.corp.walsworth.com","MAS-QPRES-6862"
"BRK-YBCSR-5824.corp.walsworth.com","BRK-YBCSR-5824"
"rwi-dhcp-001.corp.walsworth.com","RWI-DHCP-001"
"kc1-creat-6512.corp.walsworth.com","kc1-creat-6512"
"wpc-efibitool-1.corp.walsworth.com","WPC-EFIBITOOL-1"
"RWI-SHPPG-5204.corp.walsworth.com","RWI-SHPPG-5204"
"wpc-mnarchapp-1.corp.walsworth.com","WPC-MNARCHAPP-1"
"mas-sqlprod-001.corp.walsworth.com","MAS-SQLPROD-001"
"MAN-CSACT-6040.corp.walsworth.com","MAN-CSACT-6040"
"brk-kitdp-4505.corp.walsworth.com","BRK-KITDP-4505"
"wpc-mnarcheflow.corp.walsworth.com","WPC-MNARCHEFLOW"
"MAS-BNDRY-6887.corp.walsworth.com","MAS-BNDRY-6887"
"MAN-CSACT-5707.corp.walsworth.com","MAN-CSACT-5707"
"MAS-SHPPG-5878.corp.walsworth.com","MAS-SHPPG-5878"
"man-systh-7169.corp.walsworth.com","man-systh-7169"
"ful-dhcp-001.corp.walsworth.com","FUL-DHCP-001"
"MAN-COMDP-6107.corp.walsworth.com","MAN-COMDP-6107"
"KC1-SYSPG-4872.corp.walsworth.com","KC1-SYSPG-4872"
"MAS-COVFN-5705.corp.walsworth.com","MAS-COVFN-5705"
"SJS-PREPRS-6806.corp.walsworth.com","SJS-PREPRS-6806"
"brk-dhcp-001.corp.walsworth.com","BRK-DHCP-001"
"tst-mfpl-rds-04.corp.walsworth.com","TST-MFPL-RDS-04"
"MIFILE02.corp.walsworth.com","MIFILE02"
"RWI-DGPRES-6939.corp.walsworth.com","RWI-DGPRES-6939"
"MAN-SYSTH-6834.corp.walsworth.com","MAN-SYSTH-6834"
"Ful-CSR-6683.corp.walsworth.com","FUL-CSR-6683"
"ful-epp-6624.corp.walsworth.com","FUL-EPP-6624"
"BRk-KITDP-5754.corp.walsworth.com","BRK-KITDP-5754"
"MAS-BNDRY-5871.corp.walsworth.com","MAS-BNDRY-5871"
"MAS-FJICON-4812.corp.walsworth.com","MAS-FJICON-4812"
"RWI-BNDRY-7016.corp.walsworth.com","RWI-BNDRY-7016"
"SJS-WEB-6782.corp.walsworth.com","SJS-WEB-6782"
"BRK-SYSTH-6093.corp.walsworth.com","BRK-SYSTH-6093"
"MAS-PMGDP-6202.corp.walsworth.com","MAS-PMGDP-6202"
"MAS-QPRES-6572.corp.walsworth.com","MAS-QPRES-6572"
"MAS-COVFN-4724.corp.walsworth.com","MAS-COVFN-4724"
"SJS-PREPRS-6814.corp.walsworth.com","SJS-PREPRS-6814"
"SJS-MAINT-5990.corp.walsworth.com","SJS-MAINT-5990"
"Ful-Acct-6633.corp.walsworth.com","FUL-ACCT-6633"
"HFC-FULFIL-6082.corp.walsworth.com","HFC-FULFIL-6082"
"BRK-FEDEX-6005.corp.walsworth.com","BRK-FEDEX-6005"
"RWI-WEB-6924.corp.walsworth.com","RWI-WEB-6924"
"SJS-WPCEX-6791.corp.walsworth.com","SJS-WPCEX-6791"
"Ful-PresRM-6675.corp.walsworth.com","FUL-PRESRM-6675"
"SJS-MAIL-6944.corp.walsworth.com","SJS-MAIL-6944"
"BRK-CVPRP-6882.corp.walsworth.com","BRK-CVPRP-6882"
"MAN-ExCfRm-4899.corp.walsworth.com","MAN-EXCFRM-4899"
"RWI-WEB-6921.corp.walsworth.com","RWI-WEB-6921"
"Ful-CSR-6609.corp.walsworth.com","FUL-CSR-6609"
"RWI-MAIL-5714.corp.walsworth.com","RWI-MAIL-5714"
"RWI-WPCEX-5958.corp.walsworth.com","RWI-WPCEX-5958"
"NOTINUSE-5970.corp.walsworth.com","NOTINUSE-5970"
"MAS-QBIND-6598.corp.walsworth.com","MAS-QBIND-6598"
"SJS-MAIL-6509.corp.walsworth.com","SJS-MAIL-6509"
"BRK-KITDP-6049.corp.walsworth.com","BRK-KITDP-6049"
"MAN-ACCTG-5795.corp.walsworth.com","MAN-ACCTG-5795"
"RWI-KIOSK-5733.corp.walsworth.com","RWI-KIOSK-5733"
"BRK-DTP-6884.corp.walsworth.com","BRK-DTP-6884"
"BRK-DTP-6775.corp.walsworth.com","BRK-DTP-6775"
"MAS-SYSTH-5415.corp.walsworth.com","MAS-SYSTH-5415"
"RWI-SHEET-7055.corp.walsworth.com","RWI-SHEET-7055"
"MAN-CRCOL-6077.corp.walsworth.com","MAN-CRCOL-6077"
"MAS-QASSR-5825.corp.walsworth.com","MAS-QASSR-5825"
"SLS-COMM-7059.corp.walsworth.com","SLS-COMM-7059"
"RWI-HRD-7069.corp.walsworth.com","RWI-HRD-7069"
"ORISSSD-SPS.corp.walsworth.com","ORISSSD-SPS"
"BRK-PRCTL-5973.corp.walsworth.com","BRK-PRCTL-5973"
"Ful-Acct-6634.corp.walsworth.com","FUL-ACCT-6634"
"MAS-BNDRY-5218.corp.walsworth.com","MAS-BNDRY-5218"
"MAN-SYSTH-6790.corp.walsworth.com","MAN-SYSTH-6790"
"MAN-ESTMG-6052.corp.walsworth.com","MAN-ESTMG-6052"
"MAN-CSACT-5961.corp.walsworth.com","MAN-CSACT-5961"
"RWI-MAIL-6824.corp.walsworth.com","RWI-MAIL-6824"
"KC1-WPCEX-6545.corp.walsworth.com","KC1-WPCEX-6545"
"MAS-STKRM-5004.corp.walsworth.com","MAS-STKRM-5004"
"RWI-SHPPG-5261.corp.walsworth.com","RWI-SHPPG-5261"
"SLS-COMM-7058.corp.walsworth.com","SLS-COMM-7058"
"BRK-YBCSR-6050.corp.walsworth.com","BRK-YBCSR-6050"
"dev-qtmssim-1.corp.walsworth.com","DEV-QTMSSIM-1"
"kc1-dstch-6756.corp.walsworth.com","kc1-dstch-6756"
"BRK-MAINT-5711.corp.walsworth.com","BRK-MAINT-5711"
"ful-plntmgr-001.corp.walsworth.com","FUL-PLNTMGR-001"
"MAS-MAINT-5024.corp.walsworth.com","MAS-MAINT-5024"
"BRK-WPCEX-6828.corp.walsworth.com","BRK-WPCEX-6828"
"RWI-WPCEX-5959.corp.walsworth.com","RWI-WPCEX-5959"
"wpc-mfpl-rds-09.corp.walsworth.com","WPC-MFPL-RDS-09"
"MAN-ESTMG-7034.corp.walsworth.com","MAN-ESTMG-7034"
"RWI-PURCH-5009.corp.walsworth.com","RWI-PURCH-5009"
"mas-qtmsdb-006.corp.walsworth.com","MAS-QTMSDB-006"
"mas-qtms-010.corp.walsworth.com","MAS-QTMS-010"
"tst-ac4dweb-01.corp.walsworth.com","TST-AC4DWEB-01"
"tst-streamweb-2.corp.walsworth.com","TST-STREAMWEB-2"
"brk-dtp06-5314.corp.walsworth.com","brk-dtp06-5314"
"mas-cifshare-n2.corp.walsworth.com","MAS-CIFSHARE-N2"
"MAS-SHPPG-6473.corp.walsworth.com","MAS-SHPPG-6473"
"mas-cifshare-c1.corp.walsworth.com","mas-cifshare-c1"
"RWI-BNDRY-4907.corp.walsworth.com","RWI-BNDRY-4907"
"RWI-ESTMG-4450.corp.walsworth.com","RWI-ESTMG-4450"
"RWI-SHIPNG-5704.corp.walsworth.com","RWI-SHIPNG-5704"
"BRK-YBCSR-5979.corp.walsworth.com","BRK-YBCSR-5979"
"DOW-HOUSE-5826.corp.walsworth.com","DOW-HOUSE-5826"
"wpc-mnarcsql-n2.corp.walsworth.com","WPC-MNARCSQL-N2"
"SJS-MAIL-6507.corp.walsworth.com","SJS-MAIL-6507"
"MAS-BNDRY-4669.corp.walsworth.com","MAS-BNDRY-4669"
"SLS-COMM-7044.corp.walsworth.com","SLS-COMM-7044"
"MAS-QBIND-6785.corp.walsworth.com","MAS-QBIND-6785"
"SJS-SCHEDL-5407.corp.walsworth.com","SJS-SCHEDL-5407"
"MAN-SYSTH-7033.corp.walsworth.com","MAN-SYSTH-7033"
"rwi-prpres-7086.corp.walsworth.com","RWI-PRPRES-7086"
"Ful-PresRm-6650.corp.walsworth.com","FUL-PRESRM-6650"
"MAS-UVRIP-5758.corp.walsworth.com","MAS-UVRIP-5758"
"SJS-PREPRS-6816.corp.walsworth.com","SJS-PREPRS-6816"
"SJS-CUTFLD-5576.corp.walsworth.com","SJS-CUTFLD-5576"
"sjm-prinshareOLD.corp.walsworth.com","SJM-PRINSHAREOL"
"SJS-SHTFD-5571.corp.walsworth.com","SJS-SHTFD-5571"
"SJS-FULFIL-6054.corp.walsworth.com","SJS-FULFIL-6054"
"ful-vbprox-1.corp.walsworth.com","FUL-VBPROX-1"
"mas-fmaudit-001.corp.walsworth.com","MAS-FMAUDIT-001"
"wpc-prismrds-3.corp.walsworth.com","WPC-PRISMRDS-3"
"MAS-COVFN-6031.corp.walsworth.com","MAS-COVFN-6031"
"SJS-OPSMGR-5962.corp.walsworth.com","SJS-OPSMGR-5962"
"Ful-Admin-7889.corp.walsworth.com","FUL-ADMIN-7889"
"mas-pitstop-001.corp.walsworth.com","MAS-PITSTOP-001"
"sjm-dhcp-001.corp.walsworth.com","SJM-DHCP-001"
"rwi-devuproduce.corp.walsworth.com","RWI-DEVUPRODUCE"
"XMF-JPress.corp.walsworth.com","XMF-JPRESS"
"CREOCONSOLE2.corp.walsworth.com","CREOCONSOLE2"
"Ful-MailRM-6670.corp.walsworth.com","FUL-MAILRM-6670"
"SJS-SAMPLE-5688.corp.walsworth.com","SJS-SAMPLE-5688"
"tst-streamrds-1.corp.walsworth.com","TST-STREAMRDS-1"
"Ful-Sales-6614.corp.walsworth.com","FUL-SALES-6614"
"RWI-MAINT-6096.corp.walsworth.com","RWI-MAINT-6096"
"Ful-Ship-6647.corp.walsworth.com","FUL-SHIP-6647"
"Ful-Sales-6617.corp.walsworth.com","FUL-SALES-6617"
"SJS-SALES-4950.corp.walsworth.com","SJS-SALES-4950"
"MAS-INKMX-5873.corp.walsworth.com","MAS-INKMX-5873"
"BRK-KITDP-6046.corp.walsworth.com","BRK-KITDP-6046"
"MAS-CMCSR-6014.corp.walsworth.com","MAS-CMCSR-6014"
"Ful-Sales-6616.corp.walsworth.com","FUL-SALES-6616"
"MAN-CSACT-6836.corp.walsworth.com","MAN-CSACT-6836"
"RWI-PURCH-6007.corp.walsworth.com","RWI-PURCH-6007"
"Ful-CafeTV-6664.corp.walsworth.com","FUL-CAFETV-6664"
"MAN-DTTCH-6918.corp.walsworth.com","MAN-DTTCH-6918"
"MAN-HRRES-5414.corp.walsworth.com","MAN-HRRES-5414"
"M80931.corp.walsworth.com","M80931"
"dev-mnarchsched.corp.walsworth.com","DEV-MNARCHSCHED"
"mas-cifshare-01.corp.walsworth.com","mas-cifshare-01"
"SJS-MAINT-5017.corp.walsworth.com","SJS-MAINT-5017"
"SJS-WEB-5558.corp.walsworth.com","SJS-WEB-5558"
"FUL-Bind-6896.corp.walsworth.com","FUL-BIND-6896"
"man-systh-5792.corp.walsworth.com","man-systh-5792"
"brk-csr-6841.corp.walsworth.com","brk-csr-6841"
"MAS-SCHED-5804.corp.walsworth.com","MAS-SCHED-5804"
"SJS-PREPRS-6813.corp.walsworth.com","SJS-PREPRS-6813"
"brk-pstoplic-1.corp.walsworth.com","BRK-PSTOPLIC-1"
"Ful-Sales-6611.corp.walsworth.com","FUL-SALES-6611"
"rwi-devsql.corp.walsworth.com","RWI-DEVSQL"
"mas-dhcp-002.corp.walsworth.com","MAS-DHCP-002"
"tst-mfpl-rds-06.corp.walsworth.com","TST-MFPL-RDS-06"
"SJS-FINISH-5405.corp.walsworth.com","SJS-FINISH-5405"
"Ful-Bind-6653.corp.walsworth.com","FUL-BIND-6653"
"tst-mpfl-rds-01.corp.walsworth.com","TST-MPFL-RDS-01"
"HW35263-17.corp.walsworth.com","HW35263-17"
"KC1-YBCSR-6030.corp.walsworth.com","KC1-YBCSR-6030"
"BRK-CVPRP-6039.corp.walsworth.com","BRK-CVPRP-6039"
"sjm-sqlprod-002.corp.walsworth.com","SJM-SQLPROD-002"
"KC1-CREAT-4894.corp.walsworth.com","KC1-CREAT-4894"
"Ful-Ship-6646.corp.walsworth.com","FUL-SHIP-6646"
"ful-archstor-1.corp.walsworth.com","FUL-ARCHSTOR-1"
"SLS-COMM-7056.corp.walsworth.com","SLS-COMM-7056"
"MAN-ITCFRM-4681.corp.walsworth.com","MAN-ITCFRM-4681"
"wpc-crserver-1.corp.walsworth.com","WPC-CRSERVER-1"
"RWI-WEB-7015.corp.walsworth.com","RWI-WEB-7015"
"wpc-mnarcsql-n1.corp.walsworth.com","WPC-MNARCSQL-N1"
"Ful-Bind-6656.corp.walsworth.com","FUL-BIND-6656"
"wpc-prismbrk-01.corp.walsworth.com","WPC-PRISMBRK-01"
"Ful-Bind-6655.corp.walsworth.com","FUL-BIND-6655"
"89RKCP1-LIST.corp.walsworth.com","89RKCP1-LIST"
"mas-prngy-7176.corp.walsworth.com","mas-prngy-7176"
"kc1-dstch-7156.corp.walsworth.com","kc1-dstch-7156"
"SLS-DONN-5504.corp.walsworth.com","SLS-DONN-5504"
"RWI-CMCSR-6933.corp.walsworth.com","RWI-CMCSR-6933"
"MAS-QBIND-6852.corp.walsworth.com","MAS-QBIND-6852"
"Ful-csr-6665.corp.walsworth.com","FUL-CSR-6665"
"mas-qbind-6856.corp.walsworth.com","MAS-QBIND-6856"
"man-dttch-5515.corp.walsworth.com","man-dttch-5515"
"RWI-INKJET-7118.corp.walsworth.com","RWI-INKJET-7118"
"BRK-DPS-5691.corp.walsworth.com","BRK-DPS-5691"
"RWI-INKJET-7119.corp.walsworth.com","RWI-INKJET-7119"
"RWI-INKJET-7120.corp.walsworth.com","RWI-INKJET-7120"
"Ful-EXEC-6678.corp.walsworth.com","FUL-EXEC-6678"
"RWI-INKJET-7123.corp.walsworth.com","RWI-INKJET-7123"
"RWI-INKJET-7121.corp.walsworth.com","RWI-INKJET-7121"
"RWI-INKJET-7122.corp.walsworth.com","RWI-INKJET-7122"
"man-systh-6847.corp.walsworth.com","man-systh-6847"
"kc1-creat-6513.corp.walsworth.com","kc1-creat-6513"
"MAN-WPCEX-7104.corp.walsworth.com","MAN-WPCEX-7104"
"kc1-dstch-7157.corp.walsworth.com","kc1-dstch-7157"
"man-dttch-6848.corp.walsworth.com","man-dttch-6848"
"SJS-PREPRS-5686.corp.walsworth.com","SJS-PREPRS-5686"
"SJS-BILLNG-5829.corp.walsworth.com","SJS-BILLNG-5829"
"man-systh-7175.corp.walsworth.com","man-systh-7175"
"rwi-prpres-7089.corp.walsworth.com","rwi-prpres-7089"
"wpc-vcenter.corp.walsworth.com","WPC-VCENTER"
"Ful-Cip3Sv-6685.corp.walsworth.com","FUL-CIP3SV-6685"
"MAS-PURCH-7032.corp.walsworth.com","MAS-PURCH-7032"
"dev-sjmac-001.corp.walsworth.com","DEV-SJMAC-001"
"dev-sjmac-002.corp.walsworth.com","DEV-SJMAC-002"
"brk-cifshare-01.corp.walsworth.com","BRK-CIFSHARE-01"
"MAN-CRCOL-6126.corp.walsworth.com","MAN-CRCOL-6126"
"brk-sitesrv-1.corp.walsworth.com","BRK-SITESRV-1"
"brk-prg09-5235.corp.walsworth.com","brk-prg09-5235"
"ful-sitesrv-2.corp.walsworth.com","FUL-SITESRV-2"
"MAN-WPCEX-6324.corp.walsworth.com","MAN-WPCEX-6324"
"sjm-sitesrv-1.corp.walsworth.com","SJM-SITESRV-1"
"mas-sitesrv-1.corp.walsworth.com","MAS-SITESRV-1"
"KC1-HRRES-7105.corp.walsworth.com","KC1-HRRES-7105"
"rwi-prpres-7085.corp.walsworth.com","rwi-prpres-7085"
"BRK-DKV-5741.corp.walsworth.com","BRK-DKV-5741"
"KC1-HRRES-7106.corp.walsworth.com","KC1-HRRES-7106"
"mas-systh-7229.corp.walsworth.com","mas-systh-7229"
"te2-efirdsbrk-1.corp.walsworth.com","TE2-EFIRDSBRK-1"
"te2-mnarchapp-1.corp.walsworth.com","TE2-MNARCHAPP-1"
"te2-mnarcheflow.corp.walsworth.com","TE2-MNARCHEFLOW"
"te2-mnarchiquot.corp.walsworth.com","TE2-MNARCHIQUOT"
"te2-mnarchrds-1.corp.walsworth.com","TE2-MNARCHRDS-1"
"te2-mnarchrds-2.corp.walsworth.com","TE2-MNARCHRDS-2"
"te2-plntmgr-002.corp.walsworth.com","TE2-PLNTMGR-002"
"te2-plntmgr-003.corp.walsworth.com","TE2-PLNTMGR-003"
"te2-printstream.corp.walsworth.com","TE2-PRINTSTREAM"
"te2-proshipper.corp.walsworth.com","TE2-PROSHIPPER"
"te2-streamrds-1.corp.walsworth.com","TE2-STREAMRDS-1"
"te2-streamweb-1.corp.walsworth.com","TE2-STREAMWEB-1"
"te2-streamweb-2.corp.walsworth.com","TE2-STREAMWEB-2"
"tst-prim-001.corp.walsworth.com","TST-PRIM-001"
"brk-donng-7420.corp.walsworth.com","BRK-DONNG-7420"
"Ful-Train-6704.corp.walsworth.com","FUL-TRAIN-6704"
"sjm-cifshare-01.corp.walsworth.com","SJM-CIFSHARE-01"
"BRK-SYSPG-6905.corp.walsworth.com","BRK-SYSPG-6905"
"mas-pmgdp-6427.corp.walsworth.com","mas-pmgdp-6427"
"SJS-SYSTH-5710.corp.walsworth.com","SJS-SYSTH-5710"
"SJS-FINISH-6947.corp.walsworth.com","SJS-FINISH-6947"
"rwi-prpres-7087.corp.walsworth.com","rwi-prpres-7087"
"RWI-QASSR-6013.corp.walsworth.com","RWI-QASSR-6013"
"SJS-FINISH-6949.corp.walsworth.com","SJS-FINISH-6949"
"FUL-CSR-6607.corp.walsworth.com","FUL-CSR-6607"
"rwi-plntmgr-001.corp.walsworth.com","RWI-PLNTMGR-001"
"rwi-ac4dapp-01.corp.walsworth.com","RWI-AC4DAPP-01"
"RWI-PRPREW-7087.corp.walsworth.com","RWI-PRPREW-7087"
"SJS-SCHED-6950.corp.walsworth.com","SJS-SCHED-6950"
"te2-mnarchsql-1.corp.walsworth.com","TE2-MNARCHSQL-1"
"te2-plntmgr-004.corp.walsworth.com","TE2-PLNTMGR-004"
"brk-vbprox-1.corp.walsworth.com","BRK-VBPROX-1"
"MAS-WPCEX-7100.corp.walsworth.com","MAS-WPCEX-7100"
"MAS-MAINT-5781.corp.walsworth.com","MAS-MAINT-5781"
"rwi-vbprox-1.corp.walsworth.com","RWI-VBPROX-1"
"te2-mpfl-rds-01.corp.walsworth.com","TE2-MPFL-RDS-01"
"wpc-efirdslic-4.corp.walsworth.com","WPC-EFIRDSLIC-4"
"man-loanr-6412.corp.walsworth.com","man-loanr-6412"
"kc1-wpcex-7231.corp.walsworth.com","kc1-wpcex-7231"
"RWI-WEB-7042.corp.walsworth.com","RWI-WEB-7042"
"MAS-PRESS-7063.corp.walsworth.com","MAS-PRESS-7063"
"MAS-EYEC-2558.corp.walsworth.com","MAS-EYEC-2558"
"brk-donng-6152.corp.walsworth.com","brk-donng-6152"
"BRK-LOANR-5736.corp.walsworth.com","BRK-LOANR-5736"
"RWI-WEB-7039.corp.walsworth.com","RWI-WEB-7039"
"RWI-TRAIN-6838.corp.walsworth.com","RWI-TRAIN-6838"
"MAN-ACCTG-5483.corp.walsworth.com","MAN-ACCTG-5483"
"KC1-DSTCH-6028.corp.walsworth.com","KC1-DSTCH-6028"
"mas-prinbrok-1.corp.walsworth.com","MAS-PRINBROK-1"
"mas-meraki-001.corp.walsworth.com","MAS-MERAKI-001"
"FUL-EPP-7256.corp.walsworth.com","FUL-EPP-7256"
"mas-prinrds-02.corp.walsworth.com","MAS-PRINRDS-02"
"MAS-COVFN-5874.corp.walsworth.com","MAS-COVFN-5874"
"MAS-CMCSR-6898.corp.walsworth.com","MAS-CMCSR-6898"
"MAS-SHPPG-7002.corp.walsworth.com","MAS-SHPPG-7002"
"te2-ac3ksim-01.corp.walsworth.com","TE2-AC3KSIM-01"
"te2-ac3ksim-02.corp.walsworth.com","TE2-AC3KSIM-02"
"te2-ac3ksim-03.corp.walsworth.com","TE2-AC3KSIM-03"
"te2-ac3ksim-04.corp.walsworth.com","TE2-AC3KSIM-04"
"brk-ca21-7233.corp.walsworth.com","brk-ca21-7233"
"brk-ima27-6328.corp.walsworth.com","brk-ima27-6328"
"KC1-DSTCH-6978.corp.walsworth.com","KC1-DSTCH-6978"
"KC1-DSTCH-6979.corp.walsworth.com","KC1-DSTCH-6979"
"BRK-SYSTH-5712.corp.walsworth.com","BRK-SYSTH-5712"
"KC1-DSTCH-7099.corp.walsworth.com","KC1-DSTCH-7099"
"KC1-DSTCH-6991.corp.walsworth.com","KC1-DSTCH-6991"
"mas-prinshare-2.corp.walsworth.com","MAS-PRINSHARE-2"
"mas-cmcsr-7259.corp.walsworth.com","MAS-CMCSR-7259"
"KC1-MKTNG-6398.corp.walsworth.com","KC1-MKTNG-6398"
"SJS-FULFIL-6951.corp.walsworth.com","SJS-FULFIL-6951"
"mas-ise-1.corp.walsworth.com","MAS-ISE-1"
"mas-ise-2.corp.walsworth.com","MAS-ISE-2"
"BRK-PRFRD-6083.corp.walsworth.com","BRK-PRFRD-6083"
"BRK-PRFRD-5995.corp.walsworth.com","BRK-PRFRD-5995"
"BRK-PRFRD-5872.corp.walsworth.com","BRK-PRFRD-5872"
"BRK-PRFRD-6016.corp.walsworth.com","BRK-PRFRD-6016"
"BRK-PRFRD-5869.corp.walsworth.com","BRK-PRFRD-5869"
"BRK-PRFRD-6089.corp.walsworth.com","BRK-PRFRD-6089"
"KC1-MKTNG-6613.corp.walsworth.com","KC1-MKTNG-6613"
"BRK-PRFRD-5870.corp.walsworth.com","BRK-PRFRD-5870"
"BRK-PRFRD-6025.corp.walsworth.com","BRK-PRFRD-6025"
"BRK-PRFRD-7261.corp.walsworth.com","BRK-PRFRD-7261"
"BRK-PRFRD-7260.corp.walsworth.com","BRK-PRFRD-7260"
"BRK-PRFRD-6210.corp.walsworth.com","BRK-PRFRD-6210"
"WPC-HOME-5796.corp.walsworth.com","WPC-HOME-5796"
"brk-ima02-7234.corp.walsworth.com","brk-ima02-7234"
"brk-ca17-7235.corp.walsworth.com","brk-ca17-7235"
"RWI-LFTTRK-7126.corp.walsworth.com","RWI-LFTTRK-7126"
"RWI-PREPRS-7258.corp.walsworth.com","RWI-PREPRS-7258"
"KC1-DSTCH-6400.corp.walsworth.com","KC1-DSTCH-6400"
"KC1-DSTCH-7301.corp.walsworth.com","KC1-DSTCH-7301"
"MAS-MAINT-6889.corp.walsworth.com","MAS-MAINT-6889"
"MAS-PRESS-7303.corp.walsworth.com","MAS-PRESS-7303"
"MAS-CMCSR-7030.corp.walsworth.com","MAS-CMCSR-7030"
"KC1-MKTNG-6401.corp.walsworth.com","KC1-MKTNG-6401"
"SJS-FULFIL-5812.corp.walsworth.com","SJS-FULFIL-5812"
"MAN-ACCTG-7304.corp.walsworth.com","MAN-ACCTG-7304"
"mas-claro-1.corp.walsworth.com","MAS-CLARO-1"
"mas-claro-2.corp.walsworth.com","MAS-CLARO-2"
"mas-claro-3.corp.walsworth.com","MAS-CLARO-3"
"KC1-DSTCH-7309.corp.walsworth.com","KC1-DSTCH-7309"
"brk-claro-5.corp.walsworth.com","BRK-CLARO-5"
"brk-ca09-7239.corp.walsworth.com","brk-ca09-7239"
"brk-ca22-5361.corp.walsworth.com","brk-ca22-5361"
"brk-ca13-7276.corp.walsworth.com","brk-ca13-7276"
"brk-ca10-7238.corp.walsworth.com","brk-ca10-7238"
"man-wpcex-7255.corp.walsworth.com","MAN-WPCEX-7255"
"MAS-PMGDP-7311.corp.walsworth.com","MAS-PMGDP-7311"
"rwi-prinarch-1.corp.walsworth.com","RWI-PRINARCH-1"
"MAS-PMGDP-7312.corp.walsworth.com","MAS-PMGDP-7312"
"mas-wsus.corp.walsworth.com","MAS-WSUS"
"man-wpcex-7324.corp.walsworth.com","man-wpcex-7324"
"dev-fulac3k-002.corp.walsworth.com","DEV-FULAC3K-002"
"dev-fulac3k-001.corp.walsworth.com","DEV-FULAC3K-001"
"RWI-CMCSR-7308.corp.walsworth.com","RWI-CMCSR-7308"
"RWI-ESTMG-7306.corp.walsworth.com","RWI-ESTMG-7306"
"RWI-ESTMG-7307.corp.walsworth.com","RWI-ESTMG-7307"
"MAS-CMCSR-7302.corp.walsworth.com","MAS-CMCSR-7302"
"HFC-SYSTH-7313.corp.walsworth.com","HFC-SYSTH-7313"
"MAN-SYSTH-7315.corp.walsworth.com","MAN-SYSTH-7315"
"SJS-SYSTH-6817.corp.walsworth.com","SJS-SYSTH-6817"
"SJS-MATHND-6003.corp.walsworth.com","SJS-MATHND-6003"
"RWI-WEB-7314.corp.walsworth.com","RWI-WEB-7314"
"RWI-CMCSR-7316.corp.walsworth.com","RWI-CMCSR-7316"
"RWI-PREPRS-7319.corp.walsworth.com","RWI-PREPRS-7319"
"RWI-PRESS-7320.corp.walsworth.com","RWI-PRESS-7320"
"MAS-PRESS-5006.corp.walsworth.com","MAS-PRESS-5006"
"kc1-mktng-7011.corp.walsworth.com","kc1-mktng-7011"
"HFC-SYSTH-6956.corp.walsworth.com","HFC-SYSTH-6956"
"KC1-TRAIN-7226.corp.walsworth.com","KC1-TRAIN-7226"
"brk-sec-003.corp.walsworth.com","BRK-SEC-003"
"brk-prim-001.corp.walsworth.com","BRK-PRIM-001"
"brk-sec-002.corp.walsworth.com","BRK-SEC-002"
"brk-sec-001.corp.walsworth.com","BRK-SEC-001"
"FUL-EPP-7321.corp.walsworth.com","FUL-EPP-7321"
"FUL-EPP-7322.corp.walsworth.com","FUL-EPP-7322"
"Ful-CSR-6705.corp.walsworth.com","FUL-CSR-6705"
"man-systh-7327.corp.walsworth.com","MAN-SYSTH-7327"
"Ful-IT-6706.corp.walsworth.com","FUL-IT-6706"
"te2-mnarchrf-1.corp.walsworth.com","TE2-MNARCHRF-1"
"kc1-invtn-7225.corp.walsworth.com","kc1-invtn-7225"
"brk-vbprox-2.corp.walsworth.com","BRK-VBPROX-2"
"MAN-SYSPG-5346.corp.walsworth.com","MAN-SYSPG-5346"
"MAS-PRESS-7323.corp.walsworth.com","MAS-PRESS-7323"
"sjm-insite-1.corp.walsworth.com","SJM-INSITE-1"
"rwi-insite-1.corp.walsworth.com","RWI-INSITE-1"
"kc1-train-7168.corp.walsworth.com","kc1-train-7168"
"MAS-BNDRY-7337.corp.walsworth.com","MAS-BNDRY-7337"
"BRK-IMAI02-7336.corp.walsworth.com","BRK-IMAI02-7336"
"mas-insite-002.corp.walsworth.com","MAS-INSITE-002"
"RWI-RECDP-7129.corp.walsworth.com","RWI-RECDP-7129"
"RWI-SCHED-7338.corp.walsworth.com","RWI-SCHED-7338"
"KC1-MKTNG-6971.corp.walsworth.com","KC1-MKTNG-6971"
"RWI-LFTTRK-7130.corp.walsworth.com","RWI-LFTTRK-7130"
"man-systh-7342.corp.walsworth.com","MAN-SYSTH-7342"
"RWI-LFTTRK-7131.corp.walsworth.com","RWI-LFTTRK-7131"
"mas-systh-7009.corp.walsworth.com","mas-systh-7009"
"RWI-LFTTRK-7348.corp.walsworth.com","RWI-LFTTRK-7348"
"RWI-LFTTRK-7349.corp.walsworth.com","RWI-LFTTRK-7349"
"KC1-YBCSR-6538.corp.walsworth.com","KC1-YBCSR-6538"
"RWI-LFTTRK-7351.corp.walsworth.com","RWI-LFTTRK-7351"
"sgw-236d824a.corp.walsworth.com","SGW-236D824A"
"RWI-LFTTRK-7352.corp.walsworth.com","RWI-LFTTRK-7352"
"mas-prinrds-01.corp.walsworth.com","MAS-PRINRDS-01"
"MAS-Ricoh1.corp.walsworth.com","MAS-Ricoh1"
"mas-rumble-001.corp.walsworth.com","MAS-RUMBLE-001"
"MAS-Ricoh2.corp.walsworth.com","MAS-Ricoh2"
"MAS-Ricoh3.corp.walsworth.com","MAS-Ricoh3"
"kc1-dstch-6360.corp.walsworth.com","kc1-dstch-6360"
"mas-dfsn-1.corp.walsworth.com","MAS-DFSN-1"
"rwi-dfsn-1.corp.walsworth.com","RWI-DFSN-1"
"brk-ca14-7278.corp.walsworth.com","brk-ca14-7278"
"BRK-QRT-6047.corp.walsworth.com","BRK-QRT-6047"
"brk-rumble-001.corp.walsworth.com","BRK-RUMBLE-001"
"ful-rumble-001.corp.walsworth.com","FUL-RUMBLE-001"
"mas-exair-001.corp.walsworth.com","MAS-EXAIR-001"
"MAN-SYSTH-7375.corp.walsworth.com","MAN-SYSTH-7375"
"kc1-rumble-001.corp.walsworth.com","KC1-RUMBLE-001"
"rwi-rumble-001.corp.walsworth.com","RWI-RUMBLE-001"
"sjm-rumble-001.corp.walsworth.com","SJM-RUMBLE-001"
"BRK-MAINT-7376.corp.walsworth.com","BRK-MAINT-7376"
"sgw-8757b8ee.corp.walsworth.com","SGW-8757B8EE"
"MAS-MAINT-7377.corp.walsworth.com","MAS-MAINT-7377"
"sjm-dfsn-1.corp.walsworth.com","SJM-DFSN-1"
"SJS-FULFIL-6957.corp.walsworth.com","SJS-FULFIL-6957"
"BRK-YBCSR-7379.corp.walsworth.com","BRK-YBCSR-7379"
"ful-dfsn-1.corp.walsworth.com","FUL-DFSN-1"
"MAN-CRCOL-6211.corp.walsworth.com","MAN-CRCOL-6211"
"BRK-YBCSR-7380.corp.walsworth.com","BRK-YBCSR-7380"
"MAN-CRCOL-6200.corp.walsworth.com","MAN-CRCOL-6200"
"RWI-PURCH-6936.corp.walsworth.com","RWI-PURCH-6936"
"mas-ibi-022.corp.walsworth.com","MAS-IBI-022"
"BRK-YBCSR-7381.corp.walsworth.com","BRK-YBCSR-7381"
"BRK-WPCEX-7382.corp.walsworth.com","BRK-WPCEX-7382"
"BRK-DPS-7102.corp.walsworth.com","BRK-DPS-7102"
"RWI-CART-7355.corp.walsworth.com","RWI-CART-7355"
"MAN-ORATST-6195.corp.walsworth.com","MAN-ORATST-6195"
"RWI-CART-7356.corp.walsworth.com","RWI-CART-7356"
"RWI-PRIM-001.corp.walsworth.com","RWI-PRIM-001"
"RWI-SEC-001.corp.walsworth.com","RWI-SEC-001"
"SJM-PRIM-001.corp.walsworth.com","SJM-PRIM-001"
"sjm-sec-001.corp.walsworth.com","SJM-SEC-001"
"RWI-CART-7357.corp.walsworth.com","RWI-CART-7357"
"RWI-CART-7358.corp.walsworth.com","RWI-CART-7358"
"RWI-CART-7359.corp.walsworth.com","RWI-CART-7359"
"RWI-LFTTRK-7360.corp.walsworth.com","RWI-LFTTRK-7360"
"brk-csr-6840.corp.walsworth.com","brk-csr-6840"
"BRK-FEDEX-5020.corp.walsworth.com","BRK-FEDEX-5020"
"mas-covfn-6900.corp.walsworth.com","MAS-COVFN-6900"
"SJS-PREPRS-6000.corp.walsworth.com","SJS-PREPRS-6000"
"RWI-PRPRES-7345.corp.walsworth.com","RWI-PRPRES-7345"
"sjm-vbprox-1.corp.walsworth.com","SJM-VBPROX-1"
"MAS-PURCH-7062.corp.walsworth.com","MAS-PURCH-7062"
"KC1-NATSA-6998.corp.walsworth.com","KC1-NATSA-6998"
"KC1-NATSA-6208.corp.walsworth.com","KC1-NATSA-6208"
"KC1-DSTCH-6984.corp.walsworth.com","KC1-DSTCH-6984"
"MAN-COMDP-6618.corp.walsworth.com","MAN-COMDP-6618"
"SJS-PREPRS-5996.corp.walsworth.com","SJS-PREPRS-5996"
"RWI-SCHED-7318.corp.walsworth.com","RWI-SCHED-7318"
"brk-cs07-7293.corp.walsworth.com","brk-cs07-7293"
"BRK-CSR04-7385.corp.walsworth.com","BRK-CSR04-7385"
"SJM-CSR-6465.corp.walsworth.com","SJM-CSR-6465"
"brk-cs09-7291.corp.walsworth.com","brk-cs09-7291"
"brk-cs04-7296.corp.walsworth.com","brk-cs04-7296"
"brk-cs02-7298.corp.walsworth.com","brk-cs02-7298"
"RWI-PRPRS-7340.corp.walsworth.com","RWI-PRPRS-7340"
"RWI-PRPRS-7341.corp.walsworth.com","RWI-PRPRS-7341"
"brk-ca11-7289.corp.walsworth.com","brk-ca11-7289"
"RWI-PRPRES-7347.corp.walsworth.com","RWI-PRPRES-7347"
"MAS-SHPPG-6099.corp.walsworth.com","MAS-SHPPG-6099"
"RWI-PRPRES-7373.corp.walsworth.com","RWI-PRPRES-7373"
"brk-ca04-7236.corp.walsworth.com","brk-ca04-7236"
"brk-ca07-7287.corp.walsworth.com","brk-ca07-7287"
"brk-ca06-7237.corp.walsworth.com","brk-ca06-7237"
"brk-ca21-7277.corp.walsworth.com","brk-ca21-7277"
"brk-ca19-7282.corp.walsworth.com","brk-ca19-7282"
"SJS-SCHED-6251.corp.walsworth.com","SJS-SCHED-6251"
"RWI-PURCH-5706.corp.walsworth.com","RWI-PURCH-5706"
"brk-ca20-7283.corp.walsworth.com","brk-ca20-7283"
"MAN-DTTCH-5341.corp.walsworth.com","MAN-DTTCH-5341"
"MAS-CMCSR-7339.corp.walsworth.com","MAS-CMCSR-7339"
"MAN-SYSTH-7387.corp.walsworth.com","MAN-SYSTH-7387"
"brk-cs05-7295.corp.walsworth.com","brk-cs05-7295"
"SJS-MATHND-6081.corp.walsworth.com","SJS-MATHND-6081"
"SJS-SCHEDL-6004.corp.walsworth.com","SJS-SCHEDL-6004"
"MAN-SYSTH-6105.corp.walsworth.com","MAN-SYSTH-6105"
"SJS-FULFIL-6958.corp.walsworth.com","SJS-FULFIL-6958"
"rwi-prpres-7112.corp.walsworth.com","rwi-prpres-7112"
"brk-ca02-7280.corp.walsworth.com","brk-ca02-7280"
"brk-ca08-7281.corp.walsworth.com","brk-ca08-7281"
"SJS-MATHND-5717.corp.walsworth.com","SJS-MATHND-5717"
"BRK-YBCSR-6124.corp.walsworth.com","BRK-YBCSR-6124"
"MAN-SYSTH-7389.corp.walsworth.com","MAN-SYSTH-7389"
"Ful-CSR-6702.corp.walsworth.com","FUL-CSR-6702"
"MAS-MAINT-5503.corp.walsworth.com","MAS-MAINT-5503"
"RWI-LFTTRK-7361.corp.walsworth.com","RWI-LFTTRK-7361"
"BRK-CSRi5-7391.corp.walsworth.com","BRK-CSRI5-7391"
"Ful-DSCfTV-6636.corp.walsworth.com","FUL-DSCFTV-6636"
"RWI-PRPRES-7372.corp.walsworth.com","RWI-PRPRES-7372"
"MAS-MAINT-5439.corp.walsworth.com","MAS-MAINT-5439"
"RWI-CMCSR-5881.corp.walsworth.com","RWI-CMCSR-5881"
"RWI-CMCSR-6038.corp.walsworth.com","RWI-CMCSR-6038"
"RWI-PRPRES-7346.corp.walsworth.com","RWI-PRPRES-7346"
"RWI-PRPRES-7374.corp.walsworth.com","RWI-PRPRES-7374"
"RWI-PRPRES-6821.corp.walsworth.com","RWI-PRPRES-6821"
"RWI-MAIL-6903.corp.walsworth.com","RWI-MAIL-6903"
"SJS-LOANER-5182.corp.walsworth.com","SJS-LOANER-5182"
"Ful-Cafe-6660.corp.walsworth.com","FUL-CAFE-6660"
"MAS-PURCH-7310.corp.walsworth.com","MAS-PURCH-7310"
"OBP-PLNTMGR-001.corp.walsworth.com","OBP-PLNTMGR-001"
"brk-ca12-7286.corp.walsworth.com","brk-ca12-7286"
"BRK-YBCSR-7344.corp.walsworth.com","BRK-YBCSR-7344"
"MAS-FULWIN-7254.corp.walsworth.com","MAS-FULWIN-7254"
"MAS-FULWIN-7252.corp.walsworth.com","MAS-FULWIN-7252"
"mas-prinrds-03.corp.walsworth.com","MAS-PRINRDS-03"
"rwi-prpres-7353.corp.walsworth.com","rwi-prpres-7353"
"BRK-YBCSR-7253.corp.walsworth.com","BRK-YBCSR-7253"
"brk-cs06-7294.corp.walsworth.com","brk-cs06-7294"
"MAS-BNDRY-7064.corp.walsworth.com","MAS-BNDRY-7064"
"BRK-DONN-6044.corp.walsworth.com","BRK-DONN-6044"
"mas-radius-002.corp.walsworth.com","MAS-RADIUS-002"
"KC1-WPCEX-5757.corp.walsworth.com","KC1-WPCEX-5757"
"MAS-PURCH-7393.corp.walsworth.com","MAS-PURCH-7393"
"ful-printsrv-2.corp.walsworth.com","FUL-PRINTSRV-2"
"MAS-PURCH-7390.corp.walsworth.com","MAS-PURCH-7390"
"Ful-Systh-6635.corp.walsworth.com","FUL-SYSTH-6635"
"RWI-QASSR-7098.corp.walsworth.com","RWI-QASSR-7098"
"SJS-MATHND-5806.corp.walsworth.com","SJS-MATHND-5806"
"SJS-SHIPNG-6959.corp.walsworth.com","SJS-SHIPNG-6959"
"SJS-FINISH-5828.corp.walsworth.com","SJS-FINISH-5828"
"MAS-PURCH-7432.corp.walsworth.com","MAS-PURCH-7432"
"MAS-PURCH-7395.corp.walsworth.com","MAS-PURCH-7395"
"MAS-PURCH-7433.corp.walsworth.com","MAS-PURCH-7433"
"SJS-MATHND-5756.corp.walsworth.com","SJS-MATHND-5756"
"ful-cifshare-01.corp.walsworth.com","FUL-CIFSHARE-01"
"MAS-PURCH-7394.corp.walsworth.com","MAS-PURCH-7394"
"mas-vbprox-2.corp.walsworth.com","MAS-VBPROX-2"
"Ful-Bind-6697.corp.walsworth.com","FUL-BIND-6697"
"BRK-DTP-6777.corp.walsworth.com","BRK-DTP-6777"
"mas-adcert-001.corp.walsworth.com","MAS-ADCERT-001"
"MAN-CSACT-6502.corp.walsworth.com","MAN-CSACT-6502"
"RWI-SYSTH-7435.corp.walsworth.com","RWI-SYSTH-7435"
"MAN-HRRES-7436.corp.walsworth.com","MAN-HRRES-7436"
"mas-prinshare-1.corp.walsworth.com","MAS-PRINSHARE-1"
"KC1-WPCEX-6529.corp.walsworth.com","KC1-WPCEX-6529"
"MAN-SYSTH-7437.corp.walsworth.com","MAN-SYSTH-7437"
"Ful-systh-6695.corp.walsworth.com","FUL-SYSTH-6695"
"Ful-Systh-6692.corp.walsworth.com","FUL-SYSTH-6692"
"KC1-MKTNG-7410.corp.walsworth.com","KC1-MKTNG-7410"
"KC1-MKTNG-7411.corp.walsworth.com","KC1-MKTNG-7411"
"man-systh-6190.corp.walsworth.com","MAN-SYSTH-6190"
"RWI-CMCSR-7386.corp.walsworth.com","RWI-CMCSR-7386"
"FUL-CSR-7438.corp.walsworth.com","FUL-CSR-7438"
"MAN-SYSTH-7439.corp.walsworth.com","MAN-SYSTH-7439"
"MAS-SYSTH-7442.corp.walsworth.com","MAS-SYSTH-7442"
"SJS-SYSTH-7440.corp.walsworth.com","SJS-SYSTH-7440"
"SJS-SYSTH-7443.corp.walsworth.com","SJS-SYSTH-7443"
"SJS-MATHND-6960.corp.walsworth.com","SJS-MATHND-6960"
"BRK-DTP-6780.corp.walsworth.com","BRK-DTP-6780"
"KC1-SYSTH-7444.corp.walsworth.com","KC1-SYSTH-7444"
"MAN-SYSTH-7445.corp.walsworth.com","MAN-SYSTH-7445"
"rwi-ricoh2.corp.walsworth.com","RWI-RICOH2"
"RWI-ESTMG-6197.corp.walsworth.com","RWI-ESTMG-6197"
"SJS-EZLBL-6961.corp.walsworth.com","SJS-EZLBL-6961"
"MAN-WPCEX-7446.corp.walsworth.com","MAN-WPCEX-7446"
"MAS-PMGDP-7032.corp.walsworth.com","MAS-PMGDP-7032"
"BRK-CVPRP-6823.corp.walsworth.com","BRK-CVPRP-6823"
"BRK-PRFRD-6257.corp.walsworth.com","BRK-PRFRD-6257"
"rwi-prpres-7354.corp.walsworth.com","rwi-prpres-7354"
"dev-plntmgr-004.corp.walsworth.com","DEV-PLNTMGR-004"
"RWI-LIST-6881.corp.walsworth.com","RWI-LIST-6881"
"RWI-QASSR-6204.corp.walsworth.com","RWI-QASSR-6204"
"SJS-QBIND-6783.corp.walsworth.com","SJS-QBIND-6783"
"MAS-SHPPG-6929.corp.walsworth.com","MAS-SHPPG-6929"
"WALSWORTH-5431.corp.walsworth.com","WALSWORTH-5431"
"Ful-presRm-6707.corp.walsworth.com","FUL-PRESRM-6707"
"mas-pstoplic-1.corp.walsworth.com","MAS-PSTOPLIC-1"
"sjm-prinshare-1.corp.walsworth.com","SJM-PRINSHARE-1"
"RWI-MAINT-7447.corp.walsworth.com","RWI-MAINT-7447"
"dev-rwiac3k-001.corp.walsworth.com","DEV-RWIAC3K-001"
"dev-rwiac3k-003.corp.walsworth.com","DEV-RWIAC3K-003"
"dev-rwiac3k-004.corp.walsworth.com","DEV-RWIAC3K-004"
"KC1-SYSPG-6973.corp.walsworth.com","KC1-SYSPG-6973"
"MAN-CSACT-7448.corp.walsworth.com","MAN-CSACT-7448"
"MAS-BNDRY-6203.corp.walsworth.com","MAS-BNDRY-6203"
"RWI-Ricoh1.corp.walsworth.com","RWI-Ricoh1"
"rwi-ricoh4.corp.walsworth.com","RWI-RICOH4"
"rwi-ricoh3.corp.walsworth.com","RWI-RICOH3"
"rwi-ricoh5.corp.walsworth.com","RWI-RICOH5"
"MAN-SYSTH-7070.corp.walsworth.com","MAN-SYSTH-7070"
"RWI-CMCSR-7317.corp.walsworth.com","RWI-CMCSR-7317"
"MAN-HRRES-7449.corp.walsworth.com","MAN-HRRES-7449"
"brk-cs10-7425.corp.walsworth.com","brk-cs10-7425"
"KC1-LOBBY-6408.corp.walsworth.com","KC1-LOBBY-6408"
"dev-rwiac3k-002.corp.walsworth.com","DEV-RWIAC3K-002"
"SJS-WPCEX-7452.corp.walsworth.com","SJS-WPCEX-7452"
"BRK-YBCSR-7454.corp.walsworth.com","BRK-YBCSR-7454"
"BRK-PRFRD-5819.corp.walsworth.com","BRK-PRFRD-5819"
"MAN-COMPDP-7455.corp.walsworth.com","MAN-COMPDP-7455"
"wpc-mngeng-sg.corp.walsworth.com","WPC-MNGENG-SG"
"BRK-DONNG-7481.corp.walsworth.com","BRK-DONNG-7481"
"MAN-HRRES-7482.corp.walsworth.com","MAN-HRRES-7482"
"RWI-MAINT-6579.corp.walsworth.com","RWI-MAINT-6579"
"BRK-CSRi15-6062.corp.walsworth.com","BRK-CSRI15-6062"
"MAN-SYSTH-7483.corp.walsworth.com","MAN-SYSTH-7483"
"BRK-PRFRD-7101.corp.walsworth.com","BRK-PRFRD-7101"
"BRK-PRFRD-6206.corp.walsworth.com","BRK-PRFRD-6206"
"BRK-PRFRD-6252.corp.walsworth.com","BRK-PRFRD-6252"
"BRK-PRFRD-7384.corp.walsworth.com","BRK-PRFRD-7384"
"MAN-SYSTH-7484.corp.walsworth.com","MAN-SYSTH-7484"
"MAN-SYSTH-6015.corp.walsworth.com","MAN-SYSTH-6015"
"MAS-SYSTH-6797.corp.walsworth.com","MAS-SYSTH-6797"
"MAS-SYSTH-6796.corp.walsworth.com","MAS-SYSTH-6796"
"Creoconsole7.corp.walsworth.com","CREOCONSOLE7"
"SJS-FULFIL-5708.corp.walsworth.com","SJS-FULFIL-5708"
"FUL-HRRS-7486.corp.walsworth.com","FUL-HRRS-7486"
"SJS-MAINT-6080.corp.walsworth.com","SJS-MAINT-6080"
"brk-prngy-6416.corp.walsworth.com","brk-prngy-6416"
"rwi-prpres-7362.corp.walsworth.com","rwi-prpres-7362"
"WIN2022-TestAG.corp.walsworth.com","WIN2022-TESTAG"
"MAN-IMAGED-9999.corp.walsworth.com","MAN-IMAGED-9999"
"SJS-ESTMTG-5725.corp.walsworth.com","SJS-ESTMTG-5725"
"SJS-FULFIL-5752.corp.walsworth.com","SJS-FULFIL-5752"
"8021xtest.corp.walsworth.com","8021XTEST"
"MAN-CSACT-7506.corp.walsworth.com","MAN-CSACT-7506"
"mas-sil-1.corp.walsworth.com","MAS-SIL-1"
"MAN-PAYROL-7378.corp.walsworth.com","MAN-PAYROL-7378"
"rwi-xmpuprod-1.corp.walsworth.com","RWI-XMPUPROD-1"
"rwi-xmpsql-1.corp.walsworth.com","RWI-XMPSQL-1"
"rwi-xmpustor-1.corp.walsworth.com","RWI-XMPUSTOR-1"
"MAN-HRRES-7504.corp.walsworth.com","MAN-HRRES-7504"
"MAN-HRRES-7505.corp.walsworth.com","MAN-HRRES-7505"
"MAS-HRRES-7509.corp.walsworth.com","MAS-HRRES-7509"
"Ful-presRM-6632.corp.walsworth.com","FUL-PRESRM-6632"
"Ful-PresRM-6640.corp.walsworth.com","FUL-PRESRM-6640"
"Ful-PresRM-6688.corp.walsworth.com","FUL-PRESRM-6688"
"BRK-IMA-6215.corp.walsworth.com","BRK-IMA-6215"
"HFC-SYSTH-7507.corp.walsworth.com","HFC-SYSTH-7507"
"MAS-SYSTH-7508.corp.walsworth.com","MAS-SYSTH-7508"
"SJS-WPCEX-7510.corp.walsworth.com","SJS-WPCEX-7510"
"SJS-SYSTH-7511.corp.walsworth.com","SJS-SYSTH-7511"
"MAS-SYSTH-7512.corp.walsworth.com","MAS-SYSTH-7512"
"BRK-KITDP-5692.corp.walsworth.com","BRK-KITDP-5692"
"BRK-YBCSR-7514.corp.walsworth.com","BRK-YBCSR-7514"
"mas-ricoh4.corp.walsworth.com","MAS-RICOH4"
"mas-passiq-1.corp.walsworth.com","MAS-PASSIQ-1"
"man-systh-7010.corp.walsworth.com","man-systh-7010"
"SJS-LOANER-6259.corp.walsworth.com","SJS-LOANER-6259"
"MAN-MAINT-5694.corp.walsworth.com","MAN-MAINT-5694"
"MAN-CRCOL-7515.corp.walsworth.com","MAN-CRCOL-7515"
"BRK-PRFRD-7529.corp.walsworth.com","BRK-PRFRD-7529"
"MAS-PRESS-7531.corp.walsworth.com","MAS-PRESS-7531"
"MAS-BNDRY-7528.corp.walsworth.com","MAS-BNDRY-7528"
"MAS-BNDRY-7532.corp.walsworth.com","MAS-BNDRY-7532"
"MAS-BNDRY-7530.corp.walsworth.com","MAS-BNDRY-7530"
"MAN-CSACT-7534.corp.walsworth.com","MAN-CSACT-7534"
"BRK-IMA-7535.corp.walsworth.com","BRK-IMA-7535"
"BRK-IMA-7536.corp.walsworth.com","BRK-IMA-7536"
"BRK-DONNG-7537.corp.walsworth.com","BRK-DONNG-7537"
"BRK-YBCSR-7538.corp.walsworth.com","BRK-YBCSR-7538"
"BRK-CVPRP-6018.corp.walsworth.com","BRK-CVPRP-6018"
"BRK-CVPRP-5991.corp.walsworth.com","BRK-CVPRP-5991"
"BRK-MAINT-6880.corp.walsworth.com","BRK-MAINT-6880"
"BRK-ARTDP-6024.corp.walsworth.com","BRK-ARTDP-6024"
"SJS-FINISH-6963.corp.walsworth.com","SJS-FINISH-6963"
"SJS-CSR-7539.corp.walsworth.com","SJS-CSR-7539"
"SJS-CSR-7540.corp.walsworth.com","SJS-CSR-7540"
"SJS-MAINT-6006.corp.walsworth.com","SJS-MAINT-6006"
"SJS-MAINT-6063.corp.walsworth.com","SJS-MAINT-6063"
"MAN-DTTCH-6897.corp.walsworth.com","MAN-DTTCH-6897"
"wpc-efifilesrv.corp.walsworth.com","WPC-EFIFILESRV"
"MAN-ACCTG-7543.corp.walsworth.com","MAN-ACCTG-7543"
"MAN-CSACT-7533.corp.walsworth.com","MAN-CSACT-7533"
"EQPLATERUNNER.corp.walsworth.com","EQPLATERUNNER"
"RWI-CMCSR-7544.corp.walsworth.com","RWI-CMCSR-7544"
"RWI-BNDRY-7545.corp.walsworth.com","RWI-BNDRY-7545"
"RWI-BNDRY-7546.corp.walsworth.com","RWI-BNDRY-7546"
"RWI-BNDRY-7547.corp.walsworth.com","RWI-BNDRY-7547"
"RWI-ORIS-7434.corp.walsworth.com","RWI-ORIS-7434"
"RWI-CMCSR-7548.corp.walsworth.com","RWI-CMCSR-7548"
"RWI-CMCSR-7549.corp.walsworth.com","RWI-CMCSR-7549"
"RWI-ACCTG-7550.corp.walsworth.com","RWI-ACCTG-7550"
"RWI-ACCTG-7551.corp.walsworth.com","RWI-ACCTG-7551"
"MAS-CTPDATA.corp.walsworth.com","MAS-CTPDATA"
"RWI-BNDRY-6505.corp.walsworth.com","RWI-BNDRY-6505"
"SJS-FINISH-6964.corp.walsworth.com","SJS-FINISH-6964"
"Ful-ShipTV-6610.corp.walsworth.com","FUL-SHIPTV-6610"
"SJS-WEBINK-7554.corp.walsworth.com","SJS-WEBINK-7554"
"SJS-HR-7555.corp.walsworth.com","SJS-HR-7555"
"SJS-SAMPLE-7556.corp.walsworth.com","SJS-SAMPLE-7556"
"MAS-BNDRY-5690.corp.walsworth.com","MAS-BNDRY-5690"
"BRK-DONNG-7559.corp.walsworth.com","BRK-DONNG-7559"
"SLS-COMM-7553.corp.walsworth.com","SLS-COMM-7553"
"BRK-YBCSR-7561.corp.walsworth.com","BRK-YBCSR-7561"
"BRK-PRCTL-7562.corp.walsworth.com","BRK-PRCTL-7562"
"BRK-PRNGY-7563.corp.walsworth.com","BRK-PRNGY-7563"
"BRK-PRFRD-7564.corp.walsworth.com","BRK-PRFRD-7564"
"mas-sqlprod-new.corp.walsworth.com","MAS-SQLPROD-NEW"
"MAS-PMGDP-6682.corp.walsworth.com","MAS-PMGDP-6682"
"RWI-WPCEX-7560.corp.walsworth.com","RWI-WPCEX-7560"
"MAS-SCHED-5857.corp.walsworth.com","MAS-SCHED-5857"
"MAS-SCHED-7565.corp.walsworth.com","MAS-SCHED-7565"
"RWI-BNDRY-7569.corp.walsworth.com","RWI-BNDRY-7569"
"RWI-CMCSR-7570.corp.walsworth.com","RWI-CMCSR-7570"
"RWI-TRIM-7567.corp.walsworth.com","RWI-TRIM-7567"
"RWI-HRRES-7568.corp.walsworth.com","RWI-HRRES-7568"
"MAN-COMDP-7571.corp.walsworth.com","MAN-COMDP-7571"
"SJS-LOANER-6066.corp.walsworth.com","SJS-LOANER-6066"
"BRK-CSR-7573.corp.walsworth.com","BRK-CSR-7573"
"SJS-SYSTH-7576.corp.walsworth.com","SJS-SYSTH-7576"
"MAS-QASSR-7441.corp.walsworth.com","MAS-QASSR-7441"
"BRK-YBCSR-7572.corp.walsworth.com","BRK-YBCSR-7572"
"KC1-SYSTH-7416.corp.walsworth.com","KC1-SYSTH-7416"
"Ful-Train-6703.corp.walsworth.com","FUL-TRAIN-6703"
"Ful-Train-6701.corp.walsworth.com","FUL-TRAIN-6701"
"MAS-BNDRY-6060.corp.walsworth.com","MAS-BNDRY-6060"
"RWI-WEB-7577.corp.walsworth.com","RWI-WEB-7577"
"SJS-MAIL-7557.corp.walsworth.com","SJS-MAIL-7557"
"SJS-HR-7579.corp.walsworth.com","SJS-HR-7579"
"USRBKPERRETTA01.corp.walsworth.com","USRBKPERRETTA01"
"MAS-PMGDP-7580.corp.walsworth.com","MAS-PMGDP-7580"
"tst-insite-001.corp.walsworth.com","TST-INSITE-001"
"MAN-SYSTH-6075.corp.walsworth.com","MAN-SYSTH-6075"
"tst-plntmgr-004.corp.walsworth.com","TST-PLNTMGR-004"
"MAN-SYSTH-7581.corp.walsworth.com","MAN-SYSTH-7581"
"KC1-HRRES-6577.corp.walsworth.com","KC1-HRRES-6577"
"KC1-MKTNG-7257.corp.walsworth.com","KC1-MKTNG-7257"
"SJS-HR-6080.corp.walsworth.com","SJS-HR-6080"
"Ful-HRRS-6913.corp.walsworth.com","FUL-HRRS-6913"
"MAS-WPCEX-7066.corp.walsworth.com","MAS-WPCEX-7066"
"MAN-CRCOL-7583.corp.walsworth.com","MAN-CRCOL-7583"
"MAN-WPCEX-7578.corp.walsworth.com","MAN-WPCEX-7578"
"RWI-HRRES-7584.corp.walsworth.com","RWI-HRRES-7584"
"SJS-FINISH-5742.corp.walsworth.com","SJS-FINISH-5742"
"RWI-PURCH-7585.corp.walsworth.com","RWI-PURCH-7585"
"RWI-KIOSK-6051.corp.walsworth.com","RWI-KIOSK-6051"
"KC1-MKTNG-6997.corp.walsworth.com","KC1-MKTNG-6997"
"RWI-WFH-5481.corp.walsworth.com","RWI-WFH-5481"
"Ful-Bind-7888.corp.walsworth.com","FUL-BIND-7888"
"MAN-SYSTH-5858.corp.walsworth.com","MAN-SYSTH-5858"
"KC1-MKTNG-7159.corp.walsworth.com","KC1-MKTNG-7159"
"KC1-DSTCH-7132.corp.walsworth.com","KC1-DSTCH-7132"
"mas-pgtrkecs-2.corp.walsworth.com","MAS-PGTRKECS-2"
"mas-pgtrkecs-1.corp.walsworth.com","MAS-PGTRKECS-1"
"KC1-TRAIN-7250.corp.walsworth.com","KC1-TRAIN-7250"
"MAN-SYSTH-7582.corp.walsworth.com","MAN-SYSTH-7582"
"MXL41103XC.corp.walsworth.com","MXL41103XC"
"WPCMXL407211X.corp.walsworth.com","WPCMXL407211X"
"WD-MXL41103XC.corp.walsworth.com","WD-MXL41103XC"
"Ful-Bind-7876.corp.walsworth.com","FUL-BIND-7876"
"WL5CG3071NZD.corp.walsworth.com","WL5CG3071NZD"
"WDMXL3411CLQ.corp.walsworth.com","WDMXL3411CLQ"
"KC1-MKTNG-7243.corp.walsworth.com","KC1-MKTNG-7243"
"KC1-DSTCH-7165.corp.walsworth.com","KC1-DSTCH-7165"
"wd-2UA4520N55.corp.walsworth.com","WD-2UA4520N55"
"Ful-Bind-7890.corp.walsworth.com","FUL-BIND-7890"
"sjm-badge-1.corp.walsworth.com","SJM-BADGE-1"
"KC1-TRAIN-7223.corp.walsworth.com","KC1-TRAIN-7223"
"WL-10355.corp.walsworth.com","WL-10355"
"rwi-plntmgr-002.corp.walsworth.com","RWI-PLNTMGR-002"
"sjm-plntmgr-002.corp.walsworth.com","SJM-PLNTMGR-002"
"RWI-BNDRY-7365.corp.walsworth.com","RWI-BNDRY-7365"
"ful-plntmgr-002.corp.walsworth.com","FUL-PLNTMGR-002"
"WL-5CG4455T9G.corp.walsworth.com","WL-5CG4455T9G"
